show_id,type,title,release,runtime,episode_count,popularity
s468,Movie,Diary of a Wimpy Kid: The Long Haul,2017-05-19,91,,19.235
s308,TV Show,Wicked Tuna: Outer Banks,2014-08-17,4635,103,6.052
s28,TV Show,Obi-Wan Kenobi,2022-05-26,279,6,820.743
s536,TV Show,Buried Secrets Of The Bible With Albert Lin,2019-03-11,90,2,4.316
s446,TV Show,UFO Europe: The Untold Stories,2012-11-13,,7,3.258
s433,Movie,Marvel Studios' Ant-Man and the Wasp,2018-07-04,119,,68.65
s644,TV Show,Marvel's Runaways,2017-11-21,1650,33,36.669
s820,Movie,Disney Descendants,2015-07-31,112,,81.146
s772,Movie,Camp Rock,2008-06-20,98,,17.415
s1432,Movie,Brave Little Tailor,1938-09-23,9,,7.077
s800,TV Show,Coop & Cami Ask The World (Shorts),2018-10-12,1470,49,9.388
s1127,Movie,Phineas and Ferb the Movie: Across the 2nd Dimension,2011-08-05,78,,21.345
s507,Movie,Walt & El Grupo,2008-09-08,106,,2.284
s6,Movie,Becoming Cousteau,2021-10-22,94,,4.183
s1170,TV Show,Rocky Mountain Animal Rescue,2018-03-03,,8,0.6
s1404,Movie,Whispers: An Elephant's Tale,2000-10-03,72,,2.942
s1125,TV Show,Phil of the Future,2004-06-18,946,43,9.527
s1250,Movie,The Art of Skiing,1941-11-14,8,,3.707
s998,TV Show,Lab Rats,2012-02-27,,96,30.319
s457,Movie,Lost Temple of the Inca,2020-02-09,0,,2.842
s635,TV Show,America's National Parks,2015-12-06,344,8,2.095
s1067,Movie,Meet the Deedles,1998-03-27,93,,8.383
s1333,Movie,The Santa Clause 3: The Escape Clause,2006-11-01,98,,14.641
s480,TV Show,Animal ER,2016-09-10,560,14,1.289
s1085,Movie,Miracle at Midnight,1998-03-17,90,,2.444
s229,TV Show,Wander Over Yonder,2013-09-13,869,79,11.413
s958,Movie,I'll Be Home for Christmas,1998-11-13,86,,8.764
s377,Movie,Disney Channel Halloween House Party,2020-10-16,23,,3.196
s669,TV Show,One Strange Rock,2018-03-26,470,10,6.671
s534,TV Show,Birth of Europe,2012-04-17,138,3,0.679
s173,Movie,Flicka,2006-10-20,95,,11.533
s1323,Movie,The Princess Diaries,2001-08-03,115,,54.71
s13,Movie,The Pixar Story,2007-08-28,87,,9.58
s537,TV Show,Disney Prop Culture,2020-05-01,263,8,3.091
s376,Movie,Prep & Landing: Naughty vs. Nice,2011-12-05,22,,5.199
s145,Movie,Garfield,2004-06-10,80,,90.753
s886,TV Show,Fantastic Four (Series),1994-09-24,572,26,11.054
s1106,Movie,Noelle,2020-11-20,100,,13.702
s1144,Movie,Pollyanna,1960-05-19,134,,9.532
s1069,Movie,Melody Time,1948-05-27,75,,12.433
s41,Movie,Under the Helmet: The Legacy of Boba Fett,2021-11-12,21,,7.456
s120,TV Show,Dug Days,2021-09-01,50,5,30.242
s475,TV Show,Cosmos: A Spacetime Odyssey,2014-03-09,1800,30,33.791
s227,TV Show,The Incredible Hulk,1977-11-04,5100,85,25.023
s1093,Movie,Motocrossed,2001-02-16,91,,9.542
s1086,Movie,Miracle in Lane 2,2000-05-13,89,,3.891
s588,Movie,Sea Scouts,1939-06-30,8,,2.334
s161,TV Show,Meet Spidey and His Amazing Friends (Shorts),2021-08-06,,61,46.079
s740,Movie,Bambi II,2006-01-26,72,,33.567
s1363,Movie,Three Little Pigs,1933-05-27,8,,11.498
s370,Movie,Ultimate Viking Sword,2019-03-11,44,,1.186
s445,Movie,The Peanuts Movie,2015-11-01,88,,27.593
s2,Movie,Ernest Saves Christmas,1988-11-11,95,,8.186
s549,TV Show,United States Of Animals,2016-04-29,264,12,0.6
s1373,Movie,Tinker Bell and the Great Fairy Rescue,2010-07-29,76,,44.783
s1157,Movie,Recess: School's Out,2001-01-27,82,,17.492
s1132,Movie,Pirates of the Caribbean: At World's End,2007-05-19,169,,208.193
s454,Movie,Hunt for the Abominable Snowman,2011-04-05,45,,1.223
s133,TV Show,America's Funniest Home Videos: Animal Edition,2021-06-11,,20,1.598
s1076,Movie,Mickey's Delayed Date,1947-10-03,7,,4.417
s57,Movie,Rookie of the Year,1993-07-07,103,,12.517
s871,Movie,Dumbo,1941-10-01,64,,64.633
s136,TV Show,Gabby Duran And The Unsittables,2019-10-11,1025,41,8.962
s1427,Movie,Zenon: The Zequel,2001-01-12,100,,6.318
s752,TV Show,Big Hero 6 The Series (Shorts),2017-11-20,,92,52.084
s850,TV Show,Disney's Recess,1997-09-13,1441,131,23.788
s753,Movie,Bizarre Dinosaurs,2009-10-11,48,,2.961
s939,Movie,Herbie Rides Again,1974-02-12,88,,13.486
s1161,Movie,Rescue Dog,1947-03-21,7,,3.0
s1141,Movie,Pluto's Sweater,1949-04-29,7,,3.712
s401,TV Show,Magic of Disney's Animal Kingdom,2020-09-25,288,8,2.135
s707,Movie,Forky Asks a Question: What is a Friend?,2019-11-15,3,,4.774
s915,TV Show,Girl Meets World,2014-06-27,1656,72,30.284
s880,TV Show,Encore!,2019-11-12,660,12,3.727
s1197,Movie,Sleeping Beauty,1959-02-17,75,,73.819
s1445,Movie,Ice Age: Dawn Of The Dinosaurs,2009-06-26,94,,101.665
s1175,Movie,Saludos Amigos,1942-08-24,42,,29.023
s861,Movie,Disneynature Wings of Life,2011-03-16,77,,4.608
s1084,Movie,Miracle,2004-02-06,135,,12.097
s1008,TV Show,LEGO Star Wars: The New Yoda Chronicles - Clash of the Skywalkers,2014-05-12,,1,0.6
s1080,Movie,Mickey's Twice Upon a Christmas,2004-11-15,68,,15.025
s1169,Movie,Robin Hood,2010-05-12,140,,50.818
s1388,Movie,Treasure Planet,2002-11-26,95,,49.851
s1107,Movie,Now You See It,2017-01-07,3,,0.6
s1269,Movie,"The Chronicles of Narnia: The Lion, the Witch and the Wardrobe",2005-12-07,143,,121.173
s1387,Movie,Treasure of Matecumbe,1976-07-01,117,,3.786
s422,Movie,Phineas and Ferb The Movie: Candace Against the Universe,2020-08-28,84,,71.692
s986,Movie,Jungle Cat,1959-12-16,69,,3.238
s58,Movie,Thumbelina,1994-03-29,87,,16.587
s106,Movie,Smoky Mountain Park Rangers,2021-08-06,42,,1.522
s1283,Movie,The Great Muppet Caper,1981-06-26,95,,9.622
s63,TV Show,Apollo: Back To The Moon,2019-07-01,,2,1.808
s61,Movie,Lost Cities with Albert Lin: The Great Flood,2021-05-09,45,,1.4
s693,Movie,Incredible! The Story of Dr. Pol,2015-01-10,44,,1.965
s1248,Movie,The Apple Dumpling Gang Rides Again,1979-06-27,88,,5.591
s1381,Movie,Toy Story Toons: Hawaiian Vacation,2011-06-16,6,,15.655
s300,TV Show,The Muppet Show,1976-09-05,4056,156,9.248
s483,Movie,Ice Age: Collision Course,2016-06-23,95,,74.7
s313,TV Show,Elena of Avalor,2016-07-22,,101,36.42
s137,TV Show,What If...?,2021-08-11,312,9,156.601
s729,TV Show,Andi Mack,2017-03-07,1311,57,19.938
s243,TV Show,Liv and Maddie,2013-07-19,1920,80,33.519
s1182,Movie,Sea of Hope: America's Underwater Treasures,2017-01-15,60,,2.568
s580,Movie,How To Play Football,1944-09-15,7,,2.606
s1429,Movie,Zootopia,2016-02-11,109,,116.762
s1342,Movie,The Strongest Man in the World,1975-02-06,92,,5.048
s1430,Movie,Bedknobs and Broomsticks,1971-10-07,117,,11.276
s141,Movie,Mrs. Doubtfire,1993-11-24,125,,23.936
s395,TV Show,The Right Stuff,2020-10-09,376,8,18.726
s738,Movie,Babes in Toyland,1986-12-19,140,,9.966
s636,TV Show,Continent 7: Antarctica,2016-11-15,300,6,1.457
s1449,Movie,Bend It Like Beckham,2002-04-11,112,,12.68
s1371,Movie,Tin Toy,1988-08-01,5,,10.591
s453,TV Show,Fearless Adventures with Jack Randall,2018-12-10,,6,0.6
s298,Movie,Flora & Ulysses,2021-02-19,91,,43.932
s583,Movie,On Ice,1935-09-28,8,,8.669
s1310,Movie,The Muppet Movie,1979-05-31,97,,12.865
s716,Movie,A Kid in King Arthur's Court,1995-08-11,89,,9.963
s1416,Movie,World's Greatest Dogs,2015-09-01,43,,1.589
s655,Movie,Cars Toon: Unidentified Flying Mater,2009-11-20,4,,8.359
s158,Movie,What the Shark?,2020-07-04,44,,1.205
s557,Movie,Jane Goodall: The Hope,2020-04-22,88,,2.729
s1072,TV Show,Mickey Mouse Club (1955-59),1955-10-03,3030,101,5.46
s447,TV Show,Animal Showdown,2018-09-05,,6,0.6
s631,Movie,Lamp Life,2020-01-31,7,,28.003
s1024,Movie,Lonesome Ghosts,1937-12-24,9,,6.785
s1299,Movie,The Little Mermaid II:  Return to the Sea,2000-01-23,75,,13.049
s318,Movie,Ferdinand,2017-12-09,108,,62.247
s1319,Movie,The Plausible Impossible (Disneyland: 1954-58),1956-10-01,60,,0.871
s975,Movie,Jane,2017-12-28,90,,7.217
s1305,Movie,The Love Bug (1969),1968-12-23,107,,10.704
s1219,Movie,Star Wars: The Phantom Menace (Episode I),1999-05-19,136,,52.243
s586,Movie,Penguins: Life on the Edge,2020-04-03,78,,3.929
s546,TV Show,Prairie Dog Manor,2019-10-18,264,12,1.274
s1307,Movie,The Million Dollar Duck,1971-06-30,89,,6.12
s1180,Movie,Saving Mr. Banks,2013-11-29,125,,13.547
s12,Movie,Puppy for Hanukkah,2020-01-01,0,,0.6
s652,Movie,Cars Toon: Spinning,2013-03-22,2,,4.774
s927,Movie,Halloweentown,1998-11-10,84,,11.451
s756,Movie,Bolt,2008-11-21,98,,72.76
s520,TV Show,The Evermoor Chronicles,2014-10-10,828,36,10.42
s665,Movie,Hacksaw,2020-02-15,70,,1.666
s469,TV Show,Disney Junior Music Lullabies,2019-07-15,37,37,0.689
s1238,Movie,That Darn Cat,1997-02-14,89,,7.376
s1065,Movie,Mary Poppins,1964-08-27,139,,45.962
s1337,Movie,The Shaggy Dog,2006-03-09,98,,13.979
s1233,Movie,Tarzan & Jane,2002-06-24,75,,25.471
s3,Movie,Ice Age: A Mammoth Christmas,2011-11-24,26,,22.367
s351,Movie,The Nutcracker and the Four Realms,2018-10-26,99,,30.71
s1226,Movie,Sultan and the Rock Star,1980-04-20,47,,1.616
s576,Movie,Dragon Around,1954-07-16,7,,3.714
s1267,Movie,The Christmas Star,1986-12-14,94,,4.365
s1053,Movie,Marvel Studios' Thor: The Dark World,2013-10-30,112,,463.207
s898,Movie,Forky Asks a Question: What is Money?,2019-11-12,3,,4.088
s796,Movie,Clock Cleaners,1937-10-15,9,,6.162
s1156,Movie,Recess: All Growed Down,2003-12-09,61,,7.617
s217,TV Show,Wicked Tuna,2012-04-01,,167,14.059
s1368,Movie,Tiger Cruise,2005-03-06,88,,4.15
s1136,Movie,Pixel Perfect,2004-11-13,85,,5.209
s1057,TV Show,Marvel's Avengers Assemble,2013-05-26,2818,133,61.624
s1202,Movie,Snowglobe,2007-12-15,120,,5.642
s1071,TV Show,Mickey Mouse (Shorts),2013-06-28,294,98,29.171
s460,Movie,Surviving the Mount St. Helens Disaster,2020-06-10,45,,1.18
s478,Movie,X-Men: Days of Future Past,2014-05-15,132,,71.476
s1349,Movie,The Three Musketeers,2011-08-31,110,,24.162
s509,Movie,America's Greatest Animals,2012-05-27,96,,1.726
s863,Movie,Don't Look Under the Bed,1999-10-09,93,,7.68
s883,Movie,Expedition Mars: Spirit & Opportunity,2016-01-01,88,,1.83
s1302,Movie,The Living Desert,1953-11-10,69,,4.184
s1264,Movie,The Cheetah Girls,2003-08-15,93,,12.677
s1313,TV Show,The New Adventures of Winnie the Pooh,1988-09-10,,101,26.221
s1223,Movie,Stitch! The Movie,2003-08-26,60,,17.431
s1316,Movie,The Parent Trap,1998-07-28,128,,137.212
s246,TV Show,Earth Moods,2021-04-16,155,5,2.037
s894,Movie,Flowers and Trees,1932-07-30,8,,6.058
s1396,Movie,Twitches Too,2007-10-12,83,,24.907
s479,Movie,The Undefeated Presents: Hamilton In-Depth,2020-07-03,33,,1.695
s1409,Movie,Winnie the Pooh,2011-04-06,63,,21.503
s581,Movie,In the Footsteps of Elephant,2020-03-24,88,,6.618
s359,TV Show,Marvel's 616,2020-11-20,,8,9.54
s943,Movie,High School Musical 3: Senior Year,2008-10-11,117,,35.513
s169,Movie,We Bought a Zoo,2011-12-08,124,,16.694
s1213,Movie,Star Wars: Attack of the Clones (Episode II),2002-05-15,142,,55.316
s467,Movie,A Pre-Opening Report from Disneyland,1955-07-13,55,,0.906
s712,Movie,12 Dates of Christmas,2011-12-11,89,,7.741
s776,Movie,Canine Caddy,1941-05-30,7,,2.763
s551,Movie,Water Birds,1952-06-26,30,,2.062
s350,Movie,The Disney Holiday Singalong,2020-11-30,45,,1.552
s165,Movie,Secrets of the Bull Shark,2020-08-10,44,,1.208
s434,TV Show,Nature Boom Time,2016-12-15,,12,0.6
s700,Movie,Coco,2017-10-27,105,,211.107
s596,Movie,Prom,2011-04-29,104,,13.076
s155,Movie,Shark vs. Whale,2020-07-28,44,,1.88
s919,Movie,"Good Luck Charlie, It's Christmas!",2011-12-02,85,,11.479
s119,TV Show,Alaska Animal Rescue,2020-04-11,630,14,1.348
s777,Movie,Cars,2006-06-08,117,,74.741
s124,Movie,Marvel One-Shot: All Hail the King,2014-02-04,14,,23.338
s98,TV Show,Spidey And His Amazing Friends,2021-08-06,,61,46.079
s1135,TV Show,Pixar In Real Life,2019-11-12,42,11,3.012
s606,Movie,Stargirl,2020-03-10,107,,19.443
s34,Movie,Tangled Ever After,2012-01-13,6,,36.906
s11,Movie,Adventure Thru the Walt Disney Archives,2020-06-27,60,,1.77
s1089,Movie,Moana,2016-11-23,107,,34.402
s1010,TV Show,LEGO Star Wars: The New Yoda Chronicles – Duel of the Skywalkers,2014-05-12,,1,0.6
s423,Movie,Back to the Titanic,2020-02-23,45,,7.41
s843,TV Show,Disney's Doug,1991-08-18,3798,166,15.195
s741,Movie,Bao,2018-06-15,8,,11.095
s362,Movie,The Real Right Stuff,2020-11-20,90,,3.57
s1185,Movie,Secrets of Christ's Tomb: Explorer Special,2017-12-03,46,,1.18
s1378,Movie,Toy Story,1995-10-30,81,,231.171
s1017,Movie,Life is Ruff,2005-01-13,84,,4.58
s461,TV Show,What Sam Sees,2018-02-07,,10,0.6
s225,TV Show,Special Agent Oso,2009-04-04,,117,11.188
s736,Movie,Avatar,2009-12-10,162,,331.454
s719,Movie,Aladdin (1992),1992-11-25,90,,73.16
s1104,Movie,Newsies,1992-04-10,121,,14.85
s347,Movie,Man vs. Shark,2019-07-19,44,,1.612
s544,TV Show,Love & Vets,2017-03-11,126,3,0.6
s231,Movie,"Maggie Simpson in ""The Force Awakens from its Nap""",2021-05-04,3,,49.472
s1258,Movie,The Black Hole,1979-12-18,98,,10.167
s340,Movie,Disney Holiday Magic Quest,2020-12-04,0,,1.326
s1356,Movie,The Wild,2006-03-06,95,,54.706
s1103,Movie,National Treasure: Book of Secrets,2007-12-13,124,,30.544
s389,Movie,Lost on Everest,2020-05-15,60,,5.464
s1320,Movie,The Poof Point,2001-09-14,79,,5.195
s1162,Movie,Return from Witch Mountain,1978-03-10,95,,9.455
s1168,Movie,Rip Girls,2000-04-22,87,,5.073
s962,Movie,Inside Out,2015-06-09,95,,105.961
s459,TV Show,Muppets Now,2020-07-31,132,6,6.488
s1210,TV Show,Star Wars Rebels,2014-10-13,1663,75,66.232
s333,TV Show,Disney Parks Sunrise Series,2020-12-18,180,3,0.621
s387,Movie,Beverly Hills Chihuahua,2008-10-03,91,,69.929
s253,TV Show,Future-Worm!,2016-01-08,455,65,3.14
s558,TV Show,Brain Games,2011-10-09,4140,69,7.641
s1308,Movie,The Mistle-Tones,2012-12-09,90,,4.458
s379,Movie,The Sorcerer's Apprentice,2010-07-13,109,,40.108
s947,Movie,"Honey, I Blew Up the Kid",1992-07-16,89,,13.315
s679,Movie,High School Musical: The Musical: The Series: The Special,2019-12-16,23,,5.502
s1206,TV Show,Spider-Man and His Amazing Friends,1981-09-12,,24,39.383
s591,Movie,The New Neighbor,1953-08-01,7,,2.664
s664,TV Show,First Class Chefs: Family Style,2016-09-26,120,10,0.6
s851,TV Show,Disney's The Emperor's New School,2006-01-27,2070,90,15.661
s297,Movie,Cheaper by the Dozen 2,2005-12-21,94,,21.202
s934,Movie,Hatching Pete,2009-04-24,90,,9.357
s826,Movie,Disney Girl vs. Monster,2012-10-12,89,,19.311
s1207,TV Show,Spider-Man Unlimited,1999-10-02,,13,34.459
s481,Movie,Diary of a Wimpy Kid: Rodrick Rules,2011-03-25,99,,28.412
s477,Movie,Solo: A Star Wars Story,2018-05-15,135,,49.096
s1296,Movie,The Lion King 1 1/2,2004-02-06,77,,71.844
s1126,TV Show,Phineas and Ferb,2007-08-17,2934,227,52.677
s1257,Movie,The Black Cauldron,1985-07-24,80,,19.105
s1268,Movie,The Chronicles of Narnia: Prince Caspian,2008-05-15,150,,78.114
s779,Movie,Cars 3,2017-06-15,102,,143.65
s176,Movie,Rogue Shark?,2021-07-05,0,,3.397
s630,Movie,Big Business,1988-06-10,97,,13.474
s823,TV Show,Disney Evermoor,2014-10-10,828,36,10.42
s743,Movie,Bearly Asleep,1955-08-19,7,,3.025
s685,Movie,One Day at Disney (Shorts),2019-12-03,59,,2.756
s848,TV Show,Disney's Little Einsteins,2005-10-09,,77,23.855
s1415,TV Show,Wolverine and The X-Men,2009-01-23,667,29,10.828
s1304,Movie,The Lost Tomb of Alexander the Great,2019-03-04,44,,2.362
s364,Movie,LEGO Star Wars Holiday Special,2020-11-17,44,,34.103
s637,TV Show,Disney Randy Cunningham: 9th Grade Ninja,2012-08-13,1100,100,7.73
s251,Movie,White Fang 2: Myth of the White Wolf,1994-04-15,106,,11.325
s81,Movie,Alvin and the Chipmunks,2007-12-13,92,,51.774
s1018,Movie,Life With Mikey,1993-06-04,91,,9.226
s1358,Movie,The Wizards Return: Alex vs. Alex,2013-03-15,60,,12.347
s920,TV Show,Goof Troop,1992-09-05,1817,79,21.126
s259,Movie,Ewoks: The Battle for Endor,1985-11-24,100,,16.292
s306,Movie,Expedition Everest,2020-06-30,45,,2.483
s1035,Movie,Marvel Rising: Secret Warriors,2018-09-30,80,,14.571
s874,Movie,Easter Island Unsolved,2018-01-01,44,,1.676
s1347,Movie,The Thirteenth Year,1999-05-15,95,,10.245
s553,Movie,Born Wild: The Next Generation,2020-04-22,60,,2.332
s1273,Movie,The Emperor's New Groove,2000-12-15,78,,99.117
s430,Movie,India's Wild Leopards,2020-02-26,44,,1.288
s302,Movie,Marvel's Behind the Mask,2021-02-12,64,,11.237
s104,Movie,Jade Eyed Leopard,2020-09-07,45,,2.015
s936,Movie,Heavyweights,1995-02-17,100,,10.505
s815,Movie,Disney Adventures in Babysitting,2016-06-24,95,,26.214
s1095,Movie,Mr. Duck Steps Out,1940-06-07,8,,5.069
s813,Movie,Diary Of A Wimpy Kid,2021-12-03,58,,225.621
s959,Movie,Ice Age: The Great Egg-Scapade,2016-03-19,25,,27.587
s1436,Movie,The Cat from Outer Space,1978-06-09,104,,7.263
s330,Movie,Soul,2020-12-25,101,,198.186
s1138,Movie,Pluto and the Gopher,1950-02-10,7,,2.546
s490,Movie,Man in Space,1955-03-09,49,,1.989
s126,TV Show,Dr. K's Exotic Animal ER,2014-10-14,3696,84,1.888
s397,Movie,X2,2003-04-27,133,,2.413
s1314,Movie,The Old Mill,1937-11-05,9,,7.641
s1019,Movie,Life-Size 2,2018-12-02,81,,11.3
s159,TV Show,Behind the Attraction,2021-07-21,400,10,3.411
s1405,Movie,White Fang,1991-01-18,107,,14.877
s1082,Movie,Mike's New Car,2002-05-24,4,,9.64
s146,TV Show,Chip 'n' Dale: Park Life,2021-07-28,252,36,14.009
s94,Movie,A Spark Story,2021-09-24,87,,3.55
s1280,Movie,The Goddess of Spring,1934-11-03,9,,3.608
s73,Movie,Under Wraps,2021-10-01,91,,48.964
s508,TV Show,Alaska's Grizzly Gauntlet,2018-04-27,225,5,0.614
s1240,Movie,The Absent-Minded Professor,1961-03-16,96,,7.497
s355,TV Show,Once Upon a Time in Wonderland,2013-10-10,585,13,13.646
s80,TV Show,The Ghost and Molly McGee,2021-10-01,440,40,26.516
s51,Movie,X-Men: First Class,2011-06-01,132,,3.574
s138,Movie,Beverly Hills Chihuahua 2,2011-02-01,84,,21.083
s1414,Movie,Wizards of Waverly Place: The Movie,2009-08-28,94,,29.77
s378,TV Show,The Mandalorian,2019-11-12,650,16,183.083
s1002,TV Show,LEGO Star Wars: All Stars,2018-11-10,146,17,4.853
s254,TV Show,Kick Buttowski: Suburban Daredevil,2010-02-13,1144,52,147.897
s374,Movie,Mr. Magoo,1997-12-25,84,,10.506
s76,TV Show,Drain the Oceans,2018-05-28,2867,61,5.135
s177,Movie,Shark Beach with Chris Hemsworth,2021-07-05,44,,27.495
s56,Movie,"McFarland, USA",2015-02-20,128,,11.405
s750,TV Show,Big City Greens (Shorts),2018-06-18,,134,21.196
s900,Movie,Frankenweenie (Short),2012-10-04,87,,42.719
s1408,Movie,Winged Seduction: Birds of Paradise,2012-11-22,45,,1.474
s410,TV Show,Kingdom of the Mummies,2020-05-12,,4,1.775
s964,Movie,Inspector Gadget 2,2003-03-11,89,,9.018
s872,Movie,Early to Bed,1941-07-10,8,,3.064
s735,Movie,Auntie Edna,2018-10-23,5,,8.881
s1401,Movie,Waking Sleeping Beauty,2009-09-05,86,,8.277
s603,TV Show,Disney Vampirina Ghoul Girls Rock! (Shorts),2018-11-26,60,15,2.514
s658,Movie,Drain Alcatraz,2017-12-19,45,,1.492
s482,Movie,Hamilton,2020-07-03,160,,15.09
s523,Movie,Fantastic Mr. Fox,2009-10-23,87,,25.952
s296,Movie,Cheaper By the Dozen,2022-03-18,107,,151.379
s1199,Movie,Smash and Grab,2019-01-18,7,,5.862
s717,Movie,A Knight for a Day,1946-03-08,7,,2.71
s392,TV Show,The Rocketeer,2019-11-08,1032,43,6.671
s1443,Movie,Tomorrowland,2015-05-19,130,,40.421
s1092,Movie,"Monsters, Inc.",2001-11-01,92,,199.952
s1159,Movie,Red's Dream,1987-08-17,4,,8.874
s1407,TV Show,Wild Yellowstone,2015-12-06,90,2,1.697
s407,TV Show,Coop & Cami Ask The World,2018-10-12,1470,49,9.388
s187,Movie,The Sandlot 2,2005-05-03,97,,11.23
s1392,Movie,Tuck Everlasting,2002-10-11,90,,12.163
s1446,Movie,X-Men Origins: Wolverine,2009-04-28,107,,13.856
s1275,Movie,The Flood,2019-06-17,97,,10.101
s1109,Movie,Old Yeller,1957-12-25,83,,16.725
s671,Movie,Super Rhino,2009-03-21,5,,9.045
s149,TV Show,Mickey Mouse Funhouse,2021-08-20,,37,11.561
s1236,Movie,Teen Beach Movie,2013-08-07,96,,22.467
s1286,Movie,The Hockey Champ,1939-04-28,7,,5.082
s391,TV Show,Meet The Chimps,2020-10-16,240,6,2.673
s398,Movie,Mr. Holland's Opus,1995-12-29,137,,10.517
s731,Movie,Apollo: Missions To The Moon,2019-07-07,94,,3.968
s1151,Movie,Queen of Katwe,2016-09-23,124,,13.044
s1183,Movie,Secret of The Wings,2012-08-17,92,,64.332
s773,Movie,Camp Rock 2: The Final Jam,2010-09-17,104,,27.434
s893,Movie,Float,2019-11-12,7,,5.787
s284,Movie,Garfield: A Tail of Two Kitties,2006-06-15,82,,29.804
s657,Movie,Cool Runnings,1993-10-01,98,,14.543
s1055,TV Show,Marvel's Agent Carter,2015-01-06,774,18,48.189
s492,Movie,Marvel Studios' Avengers: Infinity War,2018-04-25,149,,518.874
s868,TV Show,"Dr. T, Lone Star Vet",2019-10-13,360,8,0.91
s494,Movie,Tarzan II,2005-06-13,72,,25.199
s1262,Movie,The Brave Little Toaster Goes to Mars,1998-05-19,73,,6.59
s356,TV Show,Party Animals,2007-01-31,400,8,1.818
s808,Movie,"Davy Crockett, King of the Wild Frontier",1955-05-25,93,,8.132
s199,Movie,The Happiest Millionaire,1967-11-30,172,,5.2
s602,TV Show,Disney Insider,2020-03-20,273,14,5.733
s797,Movie,Cloud 9,2014-01-17,90,,16.998
s1048,Movie,Marvel Studios' Iron Man,2008-04-30,126,,121.195
s737,Movie,Babes in the Woods,1932-11-19,8,,4.736
s854,Movie,Disneyland Around the Seasons (Walt Disney's Wonderful World of Color: 1961-69),1966-12-18,51,,0.883
s218,TV Show,Big City Greens,2018-06-18,,134,21.196
s798,Movie,College Road Trip,2008-03-07,83,,10.849
s1384,Movie,Trail of the Panda,2009-04-27,88,,2.184
s65,TV Show,Secrets Of The Zoo: Down Under,2020-03-01,,42,14.104
s1277,Movie,The Fox and the Hound 2,2006-11-09,69,,72.453
s286,TV Show,Car SOS,2013-02-07,4770,106,8.485
s1130,Movie,Pinocchio,1940-02-23,88,,104.652
s1352,Movie,The Ugly Dachshund,1966-02-16,93,,7.479
s339,Movie,Disney Channel's Epic Holiday Showdown,2020-12-06,0,,1.885
s353,Movie,Black Beauty,2020-11-27,108,,17.316
s385,Movie,Pompeii: Secrets Of The Dead,2019-11-24,0,,5.239
s1087,Movie,Miracle Landing on the Hudson,2014-06-01,90,,3.112
s1016,Movie,Let it Shine,2012-06-15,101,,12.323
s639,TV Show,The Lodge,2016-09-23,,25,5.388
s684,Movie,Forky Asks a Question: What is Love?,2019-12-06,4,,2.954
s260,TV Show,Higglytown Heroes,2004-09-12,1740,58,13.748
s267,Movie,Star Wars Vintage: Story of the Faithful Wookiee,1978-11-17,9,,2.621
s499,Movie,The Jungle Book,1967-10-18,78,,83.089
s1208,TV Show,Spider-Woman,1979-09-22,320,16,19.351
s1196,Movie,Skyrunners,2009-11-27,92,,5.216
s135,TV Show,Disney Presents Goofy in How to Stay at Home,2021-08-11,,3,7.622
s327,TV Show,Cosmos: Possible Worlds,2020-03-09,559,13,6.585
s266,TV Show,Star Wars Vintage: Clone Wars 2D Micro-Series,2003-11-07,109,37,26.089
s250,Movie,Treasure Buddies,2012-01-31,93,,9.745
s609,Movie,Bedtime Stories,2008-12-24,99,,57.969
s547,Movie,Prowlers of the Everglades,1953-07-23,32,,1.683
s15,Movie,America the Beautiful,2008-08-01,105,,1.163
s907,Movie,Fuzzbucket,1986-05-18,46,,2.213
s96,Movie,The Fault in Our Stars,2014-05-16,126,,62.073
s1187,Movie,Secrets of the King Cobra,2010-04-10,46,,1.21
s175,Movie,Orca vs. Great White,2021-07-09,0,,2.825
s913,Movie,Get a Clue,2002-06-28,83,,8.11
s5,TV Show,The Beatles: Get Back,2021-11-25,468,3,14.725
s1023,TV Show,Lizzie McGuire,2001-01-12,1430,65,36.121
s417,Movie,D2: The Mighty Ducks,1994-03-25,106,,14.485
s1271,Movie,The Computer Wore Tennis Shoes,1969-12-29,91,,7.083
s1424,Movie,Z-O-M-B-I-E-S,2018-02-16,94,,61.058
s835,TV Show,Disney Mickey Mouse Clubhouse,2006-05-05,4050,162,71.283
s1172,Movie,Roving Mars,2006-01-27,40,,3.149
s1131,Movie,Piper,2016-06-16,6,,13.465
s1113,Movie,One Man Band,2005-06-21,4,,7.253
s1042,Movie,Marvel Studios' Captain America: The First Avenger,2011-07-22,124,,118.304
s83,Movie,LEGO Star Wars Terrifying Tales,2021-10-01,45,,94.187
s956,Movie,How to Swim,1942-10-23,8,,3.669
s226,Movie,X-Men: The Last Stand,2006-05-24,104,,2.16
s1375,Movie,Titanic: 20 Years Later With James Cameron,2017-11-26,47,,12.355
s713,Movie,"20,000 Leagues Under the Sea",1954-12-23,127,,12.438
s1393,Movie,Tugboat Mickey,1940-04-26,7,,3.821
s1318,Movie,The Pied Piper,1933-09-16,8,,3.729
s966,Movie,Into the Okavango,2018-04-22,94,,4.978
s788,Movie,Cheetah,1989-08-18,83,,3.18
s131,Movie,Fantastic Four,2015-08-05,100,,61.264
s1261,TV Show,The Book of Pooh,2001-01-22,2040,68,5.791
s706,Movie,"Happy Birthday, Mickey!",1968-01-01,30,,0.6
s1394,Movie,Twas the Night,2021-12-03,83,,1.932
s930,TV Show,Handy Manny,2006-09-16,2496,208,12.44
s1406,Movie,Who Framed Roger Rabbit,1988-06-21,104,,27.443
s14,TV Show,"Dr. Oakley, Yukon Vet",2014-04-12,4230,94,3.147
s1351,Movie,The Tortoise and the Hare,1935-01-05,9,,7.992
s439,TV Show,Weird But True!,2016-09-05,1125,45,1.271
s331,Movie,Arendelle Castle Yule Log,2020-01-01,180,,2.333
s904,Movie,Frozen,2013-11-20,102,,138.003
s181,TV Show,Breaking Bobby Bones,2021-05-31,368,16,0.628
s899,Movie,Frank and Ollie,1995-10-20,89,,2.301
s1164,Movie,Return to Oz,1985-06-21,109,,9.476
s206,Movie,Red Tails,2012-01-19,125,,58.672
s1068,Movie,Meet the Robinsons,2007-03-23,95,,51.084
s622,TV Show,Fairy Tale Weddings,2017-05-07,714,17,3.023
s4,Movie,The Queen Family Singalong,2021-11-04,41,,1.78
s237,TV Show,Adventures in Wonderland,1992-03-23,3000,100,2.718
s118,Movie,X-Men: Dark Phoenix,2019-06-05,114,,75.33
s236,Movie,22 vs. Earth,2021-04-30,9,,112.476
s150,TV Show,Minnie's Bow-Toons: Party Palace Pals,2011-11-14,,69,12.317
s650,Movie,Cars Toon: Moon Mater,2010-11-02,4,,6.995
s1239,Movie,That Darn Cat!,1965-12-02,112,,10.032
s437,TV Show,Spaced Out,2002-10-04,,26,1.157
s675,Movie,Forky Asks a Question: What is a Pet?,2019-12-27,4,,3.977
s728,Movie,An Extremely Goofy Movie,2000-02-29,79,,17.532
s931,TV Show,Hannah Montana,2006-03-24,2300,100,36.047
s1235,Movie,Teen Beach 2,2015-06-26,104,,16.987
s444,Movie,The Hidden Kingdoms of China,2020-02-22,88,,1.231
s673,TV Show,The Super Hero Squad,2009-09-14,1188,54,23.782
s1090,Movie,Mom's Got a Date With a Vampire,2000-10-13,85,,11.333
s130,TV Show,Growing Up Animal,2021-08-18,300,6,3.363
s838,TV Show,Disney Stuck In The Middle,2016-02-14,1311,57,17.847
s1243,Movie,The Adventures of Huck Finn,1993-04-02,108,,7.596
s288,TV Show,Disney Roll It Back (Shorts),2019-06-14,60,10,0.6
s1026,Movie,Lou,2017-06-16,6,,7.663
s518,Movie,"Maggie Simpson in ""The Longest Daycare""",2012-07-12,5,,22.367
s244,TV Show,Secrets of the Whales,2021-04-22,180,4,4.011
s852,Movie,Disney's The Kid,2000-07-07,104,,13.627
s791,Movie,Chip 'n Dale's Rescue Rangers,2022-05-18,99,,668.99
s69,Movie,Just Roll With It: You Decide Live!,,51,,0.6
s540,Movie,Homeward Bound: The Incredible Journey,1993-02-03,84,,16.604
s1237,Movie,Teen Spirit,2019-04-12,92,,11.424
s292,Movie,Okavango: River of Dreams,2019-10-23,0,,0.683
s290,TV Show,Mickey Go Local,2019-07-24,18,6,0.976
s571,Movie,Diving with Dolphins,2020-03-24,79,,8.438
s1317,Movie,The Parent Trap (1961),1961-05-13,129,,13.775
s1361,Movie,Three Blind Mouseketeers,1936-09-26,9,,2.763
s472,Movie,The Mouseketeers at Walt Disney World,1977-11-20,0,,1.751
s1345,TV Show,The Suite Life On Deck,2008-09-26,1748,76,27.936
s1428,Movie,Zenon: Z3,2004-06-11,95,,5.944
s906,Movie,Fun and Fancy Free,1947-09-27,73,,11.17
s1012,TV Show,LEGO Star Wars: The New Yoda Chronicles – Race for the Holocrons,2014-05-12,,1,0.6
s1029,Movie,Magician Mickey,1937-02-06,8,,3.386
s955,Movie,How to Fish,1942-12-04,7,,3.48
s715,Movie,A Goofy Movie,1995-04-07,78,,24.16
s804,Movie,Dadnapped,2009-02-16,84,,8.752
s681,Movie,Togo,2019-12-20,113,,34.319
s171,Movie,World's Most Dangerous Shark?,2021-07-09,44,,0.6
s896,Movie,Food for Feudin',1950-08-11,7,,2.327
s497,TV Show,Disney Junior Muppet Babies Play Date,2019-01-01,48,12,0.84
s778,Movie,Cars 2,2011-06-11,106,,150.556
s910,Movie,Genius,2016-06-10,104,,9.896
s865,Movie,Donald's Tire Trouble,1943-01-29,7,,3.537
s660,Movie,Drain The Great Lakes,2011-12-01,60,,0.662
s1051,Movie,Marvel Studios' The Avengers,2012-04-25,143,,291.357
s435,TV Show,Sam's Zookeeper Challenge,2018-11-14,24,8,0.6
s867,Movie,Doug's 1st Movie,1999-03-26,77,,7.259
s101,Movie,Descendants: Royal Wedding,2021-08-13,22,,131.55
s230,Movie,Wild Hearts Can't Be Broken,1991-05-24,88,,5.091
s393,Movie,Oil Spill of The Century,2018-03-16,44,,0.84
s726,Movie,America's Heart & Soul,2004-07-04,84,,2.18
s567,TV Show,Tut's Treasures: Hidden Secrets,2018-03-24,,3,2.031
s411,Movie,Morning Light,2008-03-12,97,,1.4
s997,Movie,La Luna,1979-08-29,142,,26.311
s363,TV Show,The Wonderful World of Mickey Mouse,2020-11-18,140,20,15.394
s105,Movie,Nona,2021-08-27,7,,6.519
s277,Movie,Disney My Music Story: Perfume,2020-01-31,71,,0.6
s1215,Movie,Star Wars: Return of the Jedi (Episode VI),1983-05-25,135,,34.349
s390,Movie,Marvel's Iron Man & Captain America: Heroes United,2014-07-29,71,,25.656
s249,Movie,The Kid Who Would Be King,2019-01-16,120,,27.34
s241,Movie,Baby's Day Out,1994-07-01,99,,38.622
s903,Movie,Frenemies,2012-01-13,86,,10.842
s555,Movie,The Olympic Elk,1952-02-13,27,,1.478
s167,Movie,Shark Attack Investigation: The Paige Winter Story,2020-09-10,44,,2.169
s935,Movie,Hawaiian Holiday,1937-09-24,8,,3.608
s338,TV Show,Wild Nordic,2019-08-25,225,5,1.666
s404,TV Show,Wild Central America,2020-03-01,,2,1.287
s455,Movie,Incredibles 2,2018-06-14,118,,100.896
s1221,Movie,Steamboat Willie,1928-11-18,8,,13.304
s1435,TV Show,Smart Guy,1997-03-26,1122,51,6.829
s1231,Movie,Tangled,2010-11-24,100,,142.468
s421,Movie,Alice Through the Looking Glass,2016-05-25,113,,70.975
s1244,Movie,The Adventures of Ichabod and Mr. Toad,1949-10-05,68,,16.169
s1097,Movie,Mulan II,2004-11-03,79,,64.707
s54,TV Show,Storm Rising,2021-09-17,220,5,3.143
s1025,TV Show,Lost Treasures of the Maya,2019-03-04,,4,2.62
s683,Movie,Wind,2019-12-13,8,,5.417
s1339,Movie,The Simple Things,1953-04-18,7,,4.138
s844,TV Show,Disney's Fairy Tale Weddings,2017-05-07,714,17,3.023
s1287,Movie,The Hunchback of Notre Dame,1996-06-21,91,,47.451
s1137,Movie,Planet of the Birds,2018-01-19,44,,1.048
s1402,Movie,WALL-E,2008-06-22,98,,74.738
s1403,Movie,Wendy Wu: Homecoming Warrior,2006-06-16,90,,15.908
s352,Movie,"Alexander and the Terrible, Horrible, No Good, Very Bad Day",2014-10-08,81,,17.067
s884,Movie,Fantasia,1940-04-11,124,,59.339
s1149,Movie,Purl,2019-01-18,9,,8.829
s1038,Movie,Marvel Studios' Ant-Man,2015-07-14,117,,82.21
s973,Movie,Jack-Jack Attack,2005-03-15,5,,10.622
s112,Movie,Twenty Something,2021-08-27,7,,6.531
s573,Movie,Don's Fountain of Youth,1953-05-30,6,,4.11
s1328,Movie,The Rescuers,1977-06-22,78,,21.593
s345,Movie,Anastasia,1997-11-20,94,,85.568
s1140,Movie,Pluto's Surprise Package,1949-03-04,7,,4.339
s1139,Movie,Pluto's Christmas Tree,1952-11-21,7,,4.691
s273,Movie,Gnomeo & Juliet,2011-01-13,84,,33.463
s1332,Movie,The Santa Clause 2,2002-10-31,104,,13.051
s1046,Movie,Marvel Studios' Guardians of the Galaxy,2014-07-30,121,,74.502
s925,Movie,Greyfriars Bobby,2005-10-29,104,,3.813
s526,Movie,Out,2020-05-22,9,,5.789
s976,TV Show,Jessie,2011-09-30,2352,98,48.284
s97,TV Show,Dog: Impossible,2019-09-01,616,14,2.576
s730,Movie,Annie,2014-12-19,119,,45.782
s1327,TV Show,The Replacements,2007-05-28,1650,75,9.852
s784,Movie,Cars Toon: Mater the Greater,2008-10-28,4,,4.754
s645,Movie,Aladdin (2019),2019-05-22,128,,92.554
s895,Movie,Flubber,1997-11-26,93,,14.959
s1385,Movie,Trailer Horn,1950-04-28,6,,2.925
s23,Movie,Get a Horse!,2013-11-27,6,,7.968
s694,Movie,Marvel Rising: Chasing Ghosts,2019-01-16,22,,6.662
s418,Movie,D3: The Mighty Ducks,1996-10-04,104,,10.621
s271,Movie,Third Man on the Mountain,1959-11-10,105,,2.36
s725,Movie,Almost Angels,1962-11-15,93,,5.088
s219,TV Show,Fury Files,2012-05-05,63,21,0.993
s1189,Movie,Sharks of Lost Island,2013-06-28,45,,4.243
s369,Movie,Petra: Secrets of the Ancient Builders,2019-06-30,44,,1.801
s1214,TV Show,Star Wars: Blips,2017-05-03,8,8,1.717
s456,TV Show,King Fishers,2013-04-27,460,10,0.6
s745,Movie,Beauty and the Beast: The Enchanted Christmas,1997-11-11,72,,22.518
s1152,Movie,Quints,2000-08-18,83,,5.641
s242,Movie,Being the Queen,2020-08-31,45,,2.136
s488,TV Show,Disney A.N.T. Farm,2011-05-06,,62,18.759
s281,TV Show,Marvel Studios ASSEMBLED,2021-03-12,350,6,79.475
s19,TV Show,Disney Intertwined,2021-11-12,,10,55.221
s605,Movie,Frozen 2,2019-11-20,103,,165.507
s608,Movie,The Sandlot: Heading Home,2007-05-01,96,,8.179
s1134,Movie,Pirates of the Caribbean: The Curse of the Black Pearl,2003-07-09,143,,192.767
s501,Movie,Trail Mix-Up,1993-03-12,8,,4.351
s491,Movie,Mars and Beyond,2018-09-26,55,,1.4
s139,Movie,Beverly Hills Chihuahua 3: Viva La Fiesta!,2012-09-03,89,,64.125
s115,TV Show,Pepper Ann,1997-09-13,1254,113,8.02
s1160,Movie,Remember the Titans,2000-09-29,113,,22.933
s1166,Movie,Right on Track,2003-03-21,89,,3.68
s1372,Movie,Tinker Bell,2008-09-11,78,,42.555
s1288,Movie,The Hunchback of Notre Dame II,2002-02-05,68,,23.037
s60,TV Show,The Wild Life of Dr. Ole,2021-01-18,352,8,0.6
s840,TV Show,Disney Tangled: The Series - Short Cuts,2017-03-24,1477,69,31.194
s416,Movie,Christopher Robin,2018-08-02,104,,23.93
s846,TV Show,Disney's Hercules: The Animated Series,1998-08-31,1495,65,19.929
s223,TV Show,Disney Special Agent Oso: Three Healthy Steps (Shorts),2009-04-04,,117,11.188
s1398,Movie,Up,2009-05-28,96,,121.08
s1217,Movie,Star Wars: The Empire Strikes Back (Episode V),1980-05-20,124,,43.653
s1143,Movie,Pocahontas II: Journey to a New World,1998-08-04,72,,46.925
s1000,Movie,Lava,2014-10-10,7,,10.442
s162,TV Show,Mission Force One,2015-02-06,1584,144,13.678
s957,TV Show,Hulk and the Agents of S.M.A.S.H.,2013-08-11,1325,53,20.459
s344,Movie,Safety,2020-12-11,122,,9.666
s1176,Movie,"Sammy, The Way-Out Seal",1962-10-28,88,,1.497
s343,Movie,Ralph Breaks the Internet,2018-11-20,112,,92.619
s643,Movie,Loop,2020-01-10,10,,8.283
s561,Movie,Pluto's Purchase,1948-07-09,7,,1.881
s866,Movie,Double Teamed,2002-01-18,92,,7.893
s319,TV Show,Marvel Studios LEGENDS,2021-01-08,158,20,117.035
s441,Movie,Howard,2018-04-22,93,,4.057
s1423,Movie,Your Friend the Rat,2007-11-06,11,,13.796
s1056,Movie,Marvel's Ant-Man (Shorts),2015-07-14,117,,82.21
s1259,Movie,The Blue Umbrella,2013-02-12,7,,7.118
s885,Movie,Fantasia 2000,1999-12-31,74,,12.555
s1041,Movie,Marvel Studios' Captain America: Civil War,2016-04-27,147,,161.689
s909,Movie,Geek Charming,2011-11-11,99,,17.276
s528,Movie,The Boys: The Sherman Brothers' Story,2009-01-01,101,,5.973
s1417,Movie,Wreck-It Ralph,2011-11-24,101,,110.4
s262,TV Show,Made in a Day,2020-08-15,528,12,0.6
s698,TV Show,Supercar Megabuild,2016-02-17,810,18,2.405
s448,TV Show,Best Job Ever,2018-08-02,,16,0.6
s400,Movie,Hidden Figures,2016-12-10,127,,193.755
s1049,Movie,Marvel Studios' Iron Man 2,2010-04-28,124,,165.084
s204,TV Show,MUPPET BABIES,1984-11-05,2675,107,10.7
s39,Movie,The Simpsons in Plusaversary,2021-11-12,4,,398.583
s1077,Movie,Mickey's Once Upon a Christmas,1999-10-31,66,,15.716
s399,Movie,Disneynature Oceans,2010-01-22,84,,7.525
s1397,Movie,Unidentified Flying Oddball,1979-07-10,93,,4.314
s224,TV Show,Race to the Center of the Earth,2021-03-29,315,7,3.456
s628,Movie,Descendants 3,2019-08-02,106,,78.818
s1100,Movie,Muppets Most Wanted,2014-03-20,112,,17.752
s285,TV Show,American Dragon: Jake Long,2005-01-21,,55,61.226
s757,Movie,Bone Bandit,1948-04-30,7,,2.401
s1088,Movie,Mission to the Sun,2018-11-18,44,,3.352
s1112,Movie,One Magic Christmas,1985-11-22,88,,6.604
s449,Movie,Big Cat Games,2015-01-01,44,,0.847
s1438,Movie,The Sword in the Stone,1963-12-25,79,,57.538
s1292,Movie,The Journey of Natty Gann,1985-09-25,101,,9.266
s212,Movie,Growing Fangs,2021-05-28,19,,10.756
s825,TV Show,Disney Fast Layne,2019-02-15,185,8,6.187
s335,Movie,Into the Woods,2014-12-24,125,,14.663
s524,Movie,"Hello, Dolly!",1969-12-12,146,,10.5
s1193,Movie,Simpsons Movie,2007-07-25,87,,131.906
s721,Movie,Aladdin: The Return of Jafar,1994-05-20,69,,33.765
s7,TV Show,Hawkeye,2021-11-24,288,6,229.301
s160,TV Show,Disney The Owl House,2020-01-10,924,45,81.826
s252,Movie,Cesar Millan: The Real Story,2012-11-25,45,,1.664
s1040,Movie,Marvel Studios' Avengers: Endgame,2019-04-24,181,,301.659
s972,Movie,Jack,1996-08-09,113,,14.206
s891,Movie,First Kid,1996-08-30,101,,14.951
s144,Movie,Built for Mars: The Perseverance Rover,2021-02-21,88,,1.704
s983,Movie,Jump In!,2007-01-12,85,,10.939
s326,Movie,Burrow,2020-12-25,6,,8.963
s1200,Movie,Snow White and The Seven Dwarfs,1937-12-21,83,,83.27
s781,Movie,Cars Toon: Heavy Metal Mater,2010-10-08,4,,6.13
s774,Movie,Can of Worms,1999-04-10,90,,2.214
s1044,Movie,Marvel Studios' Captain Marvel,2019-03-06,124,,151.755
s889,Movie,Finding Dory,2016-06-16,97,,53.783
s1037,Movie,Marvel Studios: Expanding the Universe,2019-11-12,12,,12.817
s464,TV Show,Rogue Trip,2020-07-24,,6,2.184
s117,Movie,Happier Than Ever: A Love Letter to Los Angeles,2021-09-03,65,,27.148
s1119,Movie,Party Central,2014-02-20,6,,8.348
s1440,TV Show,Disney Kirby Buckets,2014-10-20,1357,59,6.341
s1354,Movie,The Ultimate Christmas Present,2000-12-01,85,,6.954
s836,TV Show,Disney Milo Murphy's Law,2016-10-03,,73,17.663
s71,Movie,Muppets Haunted Mansion,2021-10-08,52,,43.919
s163,TV Show,Turner & Hooch,2021-07-21,578,12,35.477
s688,Movie,One Day at Disney,2019-12-03,59,,2.756
s1374,Movie,Tinker Bell and the Lost Treasure,2009-09-03,81,,49.393
s1020,Movie,Lifted,2006-12-28,5,,10.809
s493,Movie,Tarzan,1999-06-18,88,,116.786
s569,Movie,All in a Nutshell,1949-09-02,7,,2.981
s1350,Movie,The Tigger Movie,2000-02-11,77,,13.955
s515,TV Show,The Greeks,2016-06-21,135,3,1.4
s37,Movie,The Making of Happier Than Ever: A Love Letter to Los Angeles,2021-11-12,30,,2.536
s995,Movie,Knick Knack Theatrical Short,1989-11-23,4,,8.603
s634,TV Show,High School Musical: The Musical: The Series: The Sing-Along,2019-11-30,300,10,3.146
s1011,TV Show,LEGO Star Wars: The New Yoda Chronicles – Escape from the Jedi Temple,2014-05-12,,1,0.6
s157,Movie,Walking with Dinosaurs: The Movie,2013-12-18,87,,55.066
s384,Movie,Once Upon a Snowman,2020-10-23,7,,128.098
s1365,Movie,Three Men and a Baby,,0,,0.6
s659,Movie,Drain The Bermuda Triangle,2014-10-30,50,,3.357
s183,TV Show,Monsters at Work,2021-07-07,270,10,44.526
s1091,Movie,Monsters University,2013-06-19,104,,80.076
s8,TV Show,Port Protection Alaska,2015-07-19,3186,58,3.193
s982,Movie,Journey to the Center of the Earth,2008-07-10,93,,37.41
s95,Movie,Spooky Buddies,2011-09-20,88,,9.402
s99,TV Show,Star Wars: Visions,2021-09-22,154,9,26.409
s656,Movie,Cars Toons: Bugged,2013-03-22,2,,3.617
s864,Movie,Donald's Golf Game,1938-11-04,8,,3.005
s473,TV Show,Wild Chile,2018-02-18,135,3,0.71
s818,TV Show,Disney Bizaardvark,2016-06-24,1386,63,13.08
s751,Movie,Big Hero 6,2014-10-24,102,,196.115
s372,TV Show,Fancy Nancy (Shorts),2019-04-08,60,20,2.247
s1230,Movie,Tall Tale,1995-03-24,98,,6.954
s365,Movie,Home Alone,1990-11-16,103,,2.973
s420,Movie,Trick or Treat,1986-10-24,97,,9.168
s1260,TV Show,The Book of Once Upon a Time,2015-01-01,255,51,1.475
s535,Movie,Bride of Boogedy,1987-04-12,90,,2.162
s1357,Movie,The Wise Little Hen,1934-06-08,8,,6.368
s969,TV Show,Iron Man (Series),2010-10-01,288,12,11.293
s342,Movie,High School Musical: The Musical: The Holiday Special,2020-12-11,45,,6.428
s222,TV Show,Schoolhouse Rock!,1973-01-06,258,86,3.308
s912,Movie,Geri's Game,1997-11-24,4,,8.736
s1448,Movie,Eddie the Eagle,2016-02-25,106,,18.804
s1325,Movie,The Proud Family Movie,2005-08-19,90,,6.49
s550,TV Show,Unlikely Animal Friends,2012-11-23,1305,29,1.748
s1419,Movie,Ye Olden Days,1933-04-08,8,,6.128
s1122,Movie,Peter Pan,1953-02-05,77,,68.997
s856,Movie,Disneynature Bears,2014-04-17,78,,14.758
s1123,Movie,Peter Pan: Return to Never Land,2002-02-14,72,,21.937
s276,TV Show,Disney Big Hero 6 The Series,2017-11-20,,92,52.084
s1128,Movie,Phineas and Ferb: Mission Marvel,2013-08-16,45,,12.902
s790,Movie,Chicken Little,2005-11-04,81,,32.997
s1291,Movie,The Incredibles,2004-10-27,115,,105.257
s960,Movie,Ice Princess,2005-03-17,98,,13.442
s294,TV Show,Secrets of Sulphur Springs,2021-01-15,475,19,24.134
s64,TV Show,Just Beyond,2021-10-13,,8,52.568
s200,Movie,The Pacifier,2005-03-04,95,,29.813
s1289,TV Show,The Imagineering Story,2019-11-12,379,6,3.485
s1281,Movie,The Golden Touch,1935-03-22,10,,3.06
s1330,Movie,The Rookie,1990-01-18,120,,20.901
s25,Movie,Jungle Cruise,2021-07-28,127,,309.72
s1052,Movie,Marvel Studios' Thor,2011-04-21,115,,985.642
s152,Movie,Ice Age: The Meltdown,2006-03-29,91,,85.51
s38,TV Show,The Proud Family: Louder and Prouder,2022-02-23,278,10,9.275
s754,Movie,Blank Check,1994-02-11,93,,17.899
s68,TV Show,Zombies: Addison's Moonstone Mystery,2020-10-16,,8,11.928
s661,Movie,Drain The Ocean: WWII,2016-09-19,45,,2.345
s1390,Movie,Tron,1982-07-09,96,,28.284
s653,Movie,Cars Toon: Time Travel Mater,2012-06-12,7,,9.411
s566,TV Show,Paradise Islands,2017-01-01,135,3,1.457
s847,TV Show,Disney's Kim Possible,2002-06-07,2029,88,30.55
s1370,TV Show,Timon & Pumbaa,1995-09-08,2926,174,37.664
s680,TV Show,Pick of the Litter,2019-12-20,180,6,2.783
s870,Movie,Dug's Special Mission,2009-11-10,5,,9.709
s186,Movie,The Sandlot,1993-04-07,101,,21.691
s917,Movie,Going to the Mat,2004-03-24,96,,3.604
s1154,Movie,Read It and Weep,2006-07-21,90,,8.831
s616,TV Show,Lost Cities With Albert Lin,2019-10-20,,10,7.021
s702,Movie,Forky Asks a Question: What is Time?,2019-11-29,3,,3.707
s1173,Movie,Ruby Bridges,1998-01-18,96,,3.273
s272,TV Show,Walk the Prank,2016-04-01,1830,61,3.145
s156,Movie,Stuntman,2018-09-23,84,,13.678
s860,Movie,Disneynature Monkey Kingdom,2015-04-16,81,,14.057
s1410,Movie,Winnie the Pooh: A Very Merry Pooh Year,2002-01-01,65,,14.293
s1070,Movie,Mickey Down Under,1948-03-19,7,,3.379
s1256,Movie,The Biscuit Eater,1972-03-22,92,,1.919
s109,TV Show,Unknown Waters with Jeremy Wade,2021-07-25,132,3,0.69
s758,TV Show,Bonkers,1993-10-04,2010,67,8.914
s341,Movie,Gender Revolution: A Journey With Katie Couric,2017-02-06,90,,2.206
s1218,Movie,Star Wars: The Force Awakens (Episode VII),2015-12-15,136,,83.264
s44,Movie,Jingle All The Way,1996-11-21,89,,18.881
s1028,Movie,Luxo Jr.,1986-08-17,2,,11.948
s516,TV Show,Wild Hawaii,2014-08-20,90,2,3.076
s1227,Movie,Super Buddies,2013-08-07,81,,11.705
s574,Movie,Donald's Dog Laundry,1940-04-05,8,,2.512
s486,Movie,The Mighty Ducks,1992-10-02,101,,12.433
s1434,Movie,Lady and the Tramp II: Scamp's Adventure,2001-02-18,69,,23.227
s1400,Movie,Valiant,2005-03-25,76,,18.513
s471,TV Show,Super Robot Monkey Team Hyperforce Go!,2004-09-18,1560,52,5.086
s72,Movie,The Most Magical Story on Earth: 50 Years of Walt Disney World,2021-10-01,84,,3.884
s337,TV Show,On Pointe,2020-12-18,312,6,3.377
s837,TV Show,Disney Minnie's Bow-Toons (Shorts),2011-11-14,,69,12.317
s604,Movie,G-Force,2009-07-21,88,,24.506
s908,TV Show,Gargoyles,1994-10-24,1782,81,21.035
s862,TV Show,Dog Whisperer with Cesar Millan,2004-09-13,10560,176,5.535
s123,Movie,Disney Princess Remixed - An Ultimate Princess Celebration,2021-08-27,22,,4.124
s361,Movie,Planes: Fire & Rescue,2014-07-17,83,,25.615
s858,Movie,Disneynature Chimpanzee,2012-04-20,78,,7.49
s610,Movie,Marvel Studios' Black Panther,2018-02-13,134,,109.97
s293,TV Show,Pair of Kings,2010-09-10,2040,68,11.966
s1032,Movie,Mars: Inside SpaceX,2018-11-11,46,,4.193
s1075,Movie,Mickey's Christmas Carol,1983-10-19,26,,12.02
s1315,Movie,The Olympic Champ,1942-10-09,7,,3.358
s1079,Movie,Mickey's Trailer,1938-05-06,7,,8.871
s922,Movie,Grand Canyonscope,1954-12-23,7,,2.402
s1251,TV Show,The Avengers: Earth's Mightiest Heroes,2010-10-20,1850,76,27.946
s419,TV Show,Earth to Ned,2020-09-04,600,20,2.072
s86,TV Show,Disney Vampirina,2017-10-01,3528,147,14.586
s941,Movie,High School Musical,2006-01-20,98,,36.847
s164,Movie,Most Wanted Sharks,2020-07-15,44,,1.206
s1399,TV Show,"Up, Up and Away",,0,0,0.6
s29,TV Show,Olaf Presents,2021-11-12,28,6,11.195
s489,TV Show,Into the Unknown: Making Frozen 2,2020-06-26,216,6,14.743
s710,Movie,101 Dalmatians II: Patch's London Adventure,2002-11-06,74,,56.508
s992,Movie,Kingdom of the Blue Whale,2009-03-08,96,,2.585
s677,Movie,Forky Asks a Question: What is a Leader?,2019-12-20,3,,2.64
s299,Movie,The Book of Life,2014-10-01,95,,100.862
s1066,Movie,Mater and the Ghostlight,2006-07-27,7,,11.062
s525,TV Show,Marvel's Future Avengers,2017-07-22,936,39,17.842
s1295,Movie,The Legend of Mor'du,2012-11-13,6,,7.312
s320,Movie,Toy Story: That Time Forgot,2014-12-02,22,,53.613
s1111,Movie,Once Upon a Mattress,2005-12-18,90,,5.528
s613,TV Show,Shop Class,2020-02-28,,8,4.23
s875,Movie,Eddie's Million Dollar Cook-off,2003-07-18,85,,7.26
s802,Movie,Cow Belles,2006-03-24,90,,9.625
s1036,Movie,Marvel Studios: Assembling A Universe,2014-03-18,43,,20.443
s1274,Movie,The Even Stevens Movie,2003-06-13,94,,8.385
s1194,Movie,Sister Act,1992-05-28,100,,24.639
s1027,Movie,Luck of the Irish,2001-12-02,86,,9.024
s1050,Movie,Marvel Studios' Iron Man 3,2013-04-18,130,,121.461
s984,Movie,Jumping Ship,2001-08-17,92,,3.193
s949,Movie,"Honey, We Shrunk Ourselves",1997-03-18,74,,9.638
s918,TV Show,Good Luck Charlie,2010-04-04,,100,45.912
s512,TV Show,Japan: Between Earth and Sky,2018-05-20,150,3,1.379
s1383,Movie,Toy Story Toons: Small Fry,2011-11-23,7,,41.886
s996,Movie,Kronk's New Groove,2005-12-05,75,,28.916
s256,Movie,Mark Twain and Me,1991-11-22,93,,2.01
s1006,TV Show,LEGO Star Wars: The Freemaker Adventures,2016-06-20,602,31,7.388
s1439,Movie,Those Calloways,1965-01-28,131,,2.234
s678,Movie,George of the Jungle 2,2003-08-18,87,,15.067
s232,Movie,Star Wars Biomes,2021-05-04,18,,3.449
s527,TV Show,The Big Fib,2020-05-22,,30,1.981
s194,TV Show,"Heartland Docs, DVM",2020-01-25,990,22,1.902
s670,TV Show,Out There with Jack Randall,2019-07-07,,6,1.507
s759,Movie,Boundin',2003-11-04,5,,8.784
s513,Movie,Percy Jackson & The Olympians: The Lightning Thief,2010-02-01,118,,167.855
s699,TV Show,The Incredible Dr. Pol: Blue Ribbon Kids,2011-10-29,,235,10.202
s1359,TV Show,The World According to Jeff Goldblum,2019-11-12,660,22,5.849
s824,TV Show,Disney Family Sundays,2019-11-12,,40,0.869
s951,TV Show,Hostile Planet,2019-04-01,282,6,3.258
s831,TV Show,Disney Junior Music Nursery Rhymes,2017-09-28,100,50,1.636
s1177,Movie,Sanjay's Super Team,2015-11-18,7,,5.905
s789,Movie,Chef Donald,1941-12-05,7,,3.684
s816,Movie,Disney Avalon High,2011-01-28,91,,11.768
s744,Movie,Beauty and the Beast: Belle's Magical World,1998-02-16,92,,12.401
s62,Movie,Megacity of the Maya Warriors,2021-09-17,45,,0.6
s427,TV Show,"Weirdest, Bestest, Truest",2018-09-06,,34,0.6
s1245,TV Show,The Adventures of Spin and Marty,1955-11-04,780,26,2.098
s268,TV Show,Star Wars: Ewoks,1985-09-07,1290,43,5.899
s689,TV Show,Disney Star vs. the Forces of Evil,2015-01-18,1694,140,67.366
s1447,Movie,Night at the Museum: Battle of the Smithsonian,2009-05-20,105,,46.413
s26,TV Show,Limitless with Chris Hemsworth,,0,0,7.224
s621,Movie,Because of Winn-Dixie,2005-02-18,106,,9.406
s275,TV Show,The Mighty Ducks: Game Changers,2021-03-26,350,10,23.069
s84,Movie,Maleficent,2014-05-28,97,,104.446
s358,TV Show,Bia,2019-06-24,,120,27.95
s592,Movie,The Small One,1978-12-16,26,,6.332
s696,TV Show,Miles From Tomorrowland,2015-02-06,1584,144,13.678
s174,Movie,"Miraculous World: Shanghai, The Legend of Ladydragon",2021-05-15,52,,316.482
s495,TV Show,101 Dalmatians (Series),1997-09-13,,105,17.786
s1178,Movie,Santa Paws 2: The Santa Pups,2012-11-20,88,,8.049
s1253,Movie,The Band Concert,1935-02-23,9,,7.153
s228,Movie,Fantastic Four: Rise of the Silver Surfer,2007-06-13,92,,40.379
s415,TV Show,Violetta,2012-05-14,10800,240,31.345
s1001,Movie,LEGO Disney Frozen: Northern Lights (Shorts),2017-01-05,22,,13.407
s611,TV Show,101 Dalmatian Street,2019-03-18,620,62,9.165
s873,Movie,Earth Live,2017-07-09,120,,1.815
s633,TV Show,Diary of a Future President,2020-01-17,622,20,12.693
s1229,TV Show,TaleSpin,1990-09-09,1980,66,21.789
s380,TV Show,X-Ray Earth,2020-05-06,135,3,1.456
s572,Movie,Dolphin Reef,2018-03-28,76,,11.751
s154,Movie,Shark vs. Surfer,2020-08-20,44,,0.6
s43,Movie,Alvin and the Chipmunks: Chipwrecked,2011-12-14,87,,42.914
s396,Movie,Wild Portugal,2020-10-09,44,,2.073
s981,Movie,Journey to Shark Eden,2009-01-01,60,,2.601
s1212,Movie,Star Wars: A New Hope (Episode IV),,0,,17.138
s240,Movie,Oklahoma!,1955-10-10,148,,10.786
s1186,Movie,Secrets of Life,1956-11-06,70,,1.364
s1209,TV Show,Star Wars Forces of Destiny (Shorts),2017-07-03,114,38,13.476
s414,TV Show,Soy Luna,2016-03-14,9900,220,220.977
s714,Movie,A Bug's Life,1998-11-25,95,,92.427
s394,Movie,The Chronicles Of Narnia: The Voyage of the Dawn Treader,2010-12-02,113,,49.68
s938,Movie,Herbie Goes to Monte Carlo,1977-06-24,105,,9.983
s720,Movie,Aladdin and the King of Thieves,1996-05-20,81,,30.419
s1099,Movie,Muppet Treasure Island,1996-02-16,100,,8.052
s91,TV Show,Star Wars Galaxy of Sounds,2021-09-29,56,7,8.28
s92,TV Show,The Hatcher Family Dairy,2021-07-11,352,8,0.6
s1336,Movie,The Shaggy D.A.,1976-12-17,91,,5.894
s484,Movie,Race to Witch Mountain,2009-03-12,98,,12.766
s1195,Movie,Sister Act 2: Back in the Habit,1993-12-09,107,,16.048
s1030,Movie,Mail Dog,1947-11-14,7,,3.268
s443,Movie,Star Wars: Galaxy's Edge-Adventure Awaits,2019-09-29,81,,2.824
s822,TV Show,Disney DuckTales (Shorts),2017-08-12,1921,88,37.085
s432,Movie,Magic Camp,2020-08-14,100,,10.349
s916,Movie,Go Figure,2005-06-10,88,,8.552
s205,Movie,Raya and the Last Dragon,2021-03-03,107,,268.726
s1013,Movie,Lemonade Mouth,2011-12-06,106,,16.907
s929,Movie,Halloweentown II: Kalabar's Revenge,2001-10-12,81,,9.343
s1343,Movie,The Suite Life Movie,2011-03-25,80,,11.425
s1252,TV Show,The Avengers: United They Stand,1999-10-30,286,13,6.058
s1191,Movie,Shipwrecked,1990-08-22,75,,0.6
s542,Movie,In Beaver Valley,1950-07-19,32,,1.449
s24,Movie,Home Sweet Home Alone,2021-11-12,93,,124.906
s1007,TV Show,LEGO Star Wars: The Freemaker Adventures (Shorts),2016-06-20,602,31,7.388
s269,Movie,The Big Year,2011-10-13,100,,8.569
s1045,Movie,Marvel Studios' Doctor Strange,2016-10-25,115,,349.598
s760,TV Show,Boy Meets World,1993-09-24,3792,158,13.926
s188,Movie,Adventures in Babysitting,2016-06-24,95,,26.214
s1108,Movie,Olaf's Frozen Adventure,2017-10-27,22,,32.614
s667,Movie,Marvel 75 Years: From Pulp to Pop!,2014-11-04,41,,5.771
s35,Movie,The Ballad of Nessie,2011-04-13,6,,5.475
s1201,Movie,Snowball Express,1972-01-01,93,,4.801
s612,Movie,Disney Phineas and Ferb: Phineas and Ferb Star Wars,2014-07-26,51,,14.738
s247,TV Show,Primal Survivor,2016-01-21,1485,33,4.177
s560,Movie,Let's Stick Together,1952-04-25,7,,4.168
s178,Movie,Shark Gangs,2021-07-07,44,,1.904
s704,Movie,Forky Asks a Question: What is Art?,2019-11-22,4,,3.68
s1297,Movie,The Lion King 2: Simba's Pride,1998-10-24,81,,102.382
s994,Movie,Kitbull,2019-01-18,9,,9.159
s1379,Movie,Toy Story 2,1999-10-30,92,,181.967
s814,Movie,Dinosaur,2000-05-19,82,,124.158
s121,Movie,Cruella,2021-05-26,134,,390.028
s189,TV Show,Running Wild with Bear Grylls,2014-07-28,2193,51,11.48
s812,Movie,Descendants 2,2017-07-21,111,,62.992
s332,Movie,Buried Truth of the Maya,2020-08-25,47,,2.714
s598,Movie,The Odd Life of Timothy Green,2012-08-15,105,,14.362
s403,Movie,The Giant Robber Crab,2019-06-28,44,,2.175
s845,TV Show,Disney's Fairy Tale Weddings: Holiday Magic,2017-05-07,714,17,3.023
s1249,Movie,The Aristocats,1970-12-24,78,,68.067
s584,Movie,Onward,2020-02-29,103,,57.814
s834,TV Show,Disney Legend of the Three Caballeros,2018-06-09,286,13,5.024
s1263,Movie,The Castaway Cowboy,1974-08-01,91,,1.606
s1389,Movie,Tree Climbing Lions,2018-04-06,44,,1.405
s559,TV Show,Disney Mickey and the Roadster Racers - Chip 'N' Dale's Nutty Tales (Shorts),2017-01-15,,174,19.445
s304,Movie,You Again,2010-09-24,105,,32.829
s879,Movie,Empire of Dreams: The Story of the Star Wars Trilogy,2004-09-12,151,,15.022
s147,TV Show,Critter Fixers: Country Vets,2020-03-07,,26,1.507
s1063,TV Show,Marvel's Rocket & Groot (Shorts),2017-03-14,24,12,5.573
s522,TV Show,Doc McStuffins,2012-03-23,,268,44.242
s270,Movie,The Last Ice,2020-10-24,83,,3.011
s1246,Movie,The African Lion,1955-09-14,75,,2.536
s1225,Movie,Stuck in the Suburbs,2004-07-16,76,,11.356
s134,TV Show,Chicken Squad,2021-05-14,,58,4.127
s485,Movie,The Big Green,1995-09-29,100,,9.981
s978,Movie,Johnny Kapahala: Back on Board,2007-06-08,90,,7.367
s514,TV Show,Secrets of Wild India,2012-04-05,180,3,0.6
s367,Movie,Home Alone 3,1997-12-12,102,,34.105
s1222,Movie,Stepsister from Planet Weird,2000-06-17,85,,4.22
s687,TV Show,Disney The Lion Guard,2016-01-15,1702,74,50.56
s1278,Movie,The Game Plan,2007-09-28,110,,35.748
s193,TV Show,Disney Just Roll With It,2019-06-14,,43,2.964
s211,TV Show,Disney Sydney To The Max,2019-01-25,1449,63,13.266
s1,Movie,Duck the Halls: A Mickey Mouse Christmas Special,2016-12-09,22,,2.961
s373,TV Show,Goldie & Bear,2015-09-12,1225,49,4.631
s405,TV Show,Ancient China from Above,2020-08-11,,3,0.869
s102,Movie,Disney's Broadway Hits at London's Royal Albert Hall,2016-12-21,155,,1.785
s1148,Movie,Princess Protection Program,2009-05-20,89,,53.389
s748,Movie,Benji the Hunted,1987-06-05,88,,7.465
s426,Movie,The One and Only Ivan,2020-08-21,93,,15.166
s624,Movie,Splash,1984-03-09,111,,14.626
s424,Movie,Beauty and the Beast,1991-10-22,84,,106.626
s971,Movie,Iron Will,1994-01-14,108,,10.268
s517,Movie,Women Of Impact: Changing The World,2020-03-08,0,,3.056
s1422,Movie,You Wish!,2003-01-10,87,,4.086
s991,Movie,Kingdom of the Apes: Battle Lines,2014-07-13,44,,0.6
s1300,Movie,The Little Mermaid:  Ariel's Beginning,2008-08-25,77,,5.239
s806,TV Show,Darkwing Duck,1991-09-08,2024,92,15.633
s575,Movie,Double Dribble,1946-12-20,7,,4.225
s465,TV Show,Wild Congo,2014-01-26,88,2,2.744
s946,Movie,Home on the Range,2004-04-02,76,,47.183
s638,TV Show,Muppet Babies Show and Tell (Shorts),2018-03-02,,10,1.516
s882,TV Show,Even Stevens,2000-06-17,,65,11.529
s811,Movie,Deep Blue,2003-05-18,83,,5.496
s691,Movie,Glory Road,2006-01-13,118,,16.541
s585,Movie,Out of Scale,1951-11-02,7,,2.405
s1062,TV Show,Marvel's Inhumans,2017-09-29,344,8,53.054
s301,TV Show,Marvel Battleworld: Mystery of the Thanostones,2020-06-17,24,6,0.6
s1198,Movie,Smart House,1999-06-26,82,,7.658
s1165,Movie,Richie Rich's Christmas Wish,1998-11-03,84,,11.451
s1232,Movie,Tangled Before Ever After,2017-03-10,55,,24.77
s768,TV Show,Bug Juice: My Adventures at Camp,2018-07-16,368,16,1.132
s317,TV Show,Disney Fam Jam,2020-02-23,475,19,0.84
s620,Movie,Marvel's Iron Man & Hulk: Heroes United,2013-12-03,71,,14.7
s618,Movie,Marvel Rising: Playing With Fire,2019-12-18,44,,6.758
s1114,Movie,Operation Dumbo Drop,1995-07-28,107,,8.92
s140,Movie,Killer Shark vs Killer Whale,2021-08-06,44,,1.018
s1003,TV Show,LEGO Star Wars: All Stars (Shorts),2018-11-10,146,17,4.853
s718,Movie,A Ring of Endless Light,2002-07-04,88,,3.468
s662,Movie,Drain The Sunken Pirate City,2017-01-01,47,,1.166
s49,Movie,Space Buddies,2009-02-02,84,,11.995
s74,TV Show,Among the Stars,2021-10-06,281,6,2.503
s458,TV Show,Marvel Funko Shorts,2016-11-30,33,11,1.144
s697,TV Show,Sheriff Callie's Wild West,2013-12-13,2250,90,4.685
s366,Movie,Home Alone 2: Lost in New York,1992-11-19,120,,53.342
s1220,Movie,Starstruck,2010-02-14,81,,18.316
s1031,Movie,Man Among Cheetahs,2017-12-31,44,,1.083
s202,TV Show,Loki,2021-06-09,291,6,286.776
s531,Movie,Star Wars: The Rise of Skywalker (Episode IX),2019-12-18,142,,85.629
s172,TV Show,So Random!,2011-06-05,598,26,9.136
s676,Movie,Star Wars: The Last Jedi (Episode VIII),2017-12-13,152,,83.642
s649,Movie,Cars Toon: El Materdor,2008-10-29,3,,8.84
s785,Movie,Cars Toon: Monster Truck Mater,2010-07-30,5,,7.725
s248,Movie,Rio,2011-04-03,96,,86.647
s125,Movie,Underdog,2007-08-03,81,,12.426
s1083,Movie,Minutemen,2008-02-29,91,,11.622
s116,TV Show,The Incredible Dr. Pol,2011-10-29,,235,10.202
s1022,Movie,Lilo & Stitch 2: Stitch Has a Glitch,2005-01-22,68,,40.03
s1115,TV Show,Origins: The Journey of Humankind,2017-03-06,400,8,1.709
s220,TV Show,Ice Road Rescue,2015-08-31,2745,61,5.765
s1276,Movie,The Fox and the Hound,1981-07-10,82,,58.658
s1344,TV Show,The Suite Life of Zack & Cody,2005-03-18,2001,87,34.712
s1047,Movie,Marvel Studios' Guardians of the Galaxy Vol. 2,2017-04-19,137,,136.568
s111,Movie,Pirates of the Caribbean: On Stranger Tides,2011-05-14,137,,276.499
s1224,Movie,Stonehenge Decoded: Secrets Revealed,2008-10-23,92,,1.451
s279,TV Show,The Falcon and The Winter Soldier,2021-03-19,319,6,141.203
s381,TV Show,Gathering Storm,2020-06-22,,6,0.903
s1101,Movie,My Favorite Martian,1999-02-11,94,,11.418
s107,TV Show,Life Below Zero,2013-05-19,10860,181,9.763
s184,Movie,"The Good, The Bart, and The Loki",2021-07-07,6,,178.892
s1303,Movie,The Lizzie McGuire Movie,2003-05-02,94,,12.825
s122,Movie,Dan in Real Life,2007-10-26,98,,12.147
s203,TV Show,Gordon Ramsay: Uncharted,2019-07-21,1081,23,10.563
s78,Movie,Fauci,2021-09-10,104,,3.734
s357,Movie,Folklore: the long pond studio sessions,2020-11-25,106,,12.921
s1078,Movie,Mickey's Rival,1936-06-20,8,,2.443
s36,Movie,The Little Matchgirl,2006-09-07,7,,6.694
s27,Movie,Marvel Studios’ 2021 Disney+ Day Special,2021-11-12,14,,17.852
s1039,Movie,Marvel Studios' Avengers: Age of Ultron,2015-04-22,141,,274.103
s1105,Movie,Newsies: The Broadway Musical,2017-02-16,134,,8.04
s805,Movie,Darby O'Gill and the Little People,1959-06-24,93,,7.795
s733,Movie,Atlantis: Milo's Return,2003-02-25,70,,19.336
s16,TV Show,Baymax!,2022-06-29,70,6,329.821
s763,Movie,Breaking2,2017-09-20,55,,2.24
s692,TV Show,Henry Hugglemonster,2013-10-01,1100,50,8.125
s623,Movie,"My Dog, the Thief",1969-09-21,88,,2.723
s170,Movie,World's Biggest Bullshark,2021-07-05,44,,2.854
s18,TV Show,Disney Fancy Nancy,2018-07-13,2706,123,8.712
s287,TV Show,Disney Channel Games 2008,2008-07-27,110,5,1.006
s312,Movie,Wild Uganda,2018-06-13,45,,1.281
s1360,Movie,The Young Black Stallion,2003-12-25,49,,11.854
s214,Movie,Let's Be Tigers,2021-05-28,15,,9.83
s565,Movie,"Maggie Simpson in ""Playdate with Destiny""",2020-02-29,4,,37.558
s1184,Movie,Secretariat,2010-08-20,123,,14.736
s562,TV Show,Tron Uprising,2012-06-07,418,19,23.627
s1369,Movie,Tim Burton’s The Nightmare Before Christmas,1993-10-09,76,,79.163
s1413,TV Show,Wizards of Waverly Place,2007-10-12,2484,108,36.54
s166,TV Show,Shark Attack Files,2021-07-12,,14,7.598
s782,Movie,Cars Toon: Hiccups,2013-03-22,3,,3.72
s853,TV Show,Disney's The Little Mermaid (Series),1992-09-11,682,31,30.951
s1014,Movie,Lend a Paw,1941-10-03,8,,4.723
s841,Movie,Disney Under The Sea: A Descendants Short Story,2018-09-28,10,,16.982
s617,Movie,Marvel Rising: Operation Shuri,2019-10-11,22,,6.826
s961,Movie,Inner Workings,2016-11-23,7,,8.255
s742,Movie,Beach Picnic,1939-06-09,8,,4.593
s195,Movie,Luca,2021-06-17,95,,373.737
s878,Movie,Emil and the Detectives,1964-12-18,99,,2.703
s371,Movie,Disney's A Christmas Carol,2009-11-04,94,,38.824
s1121,Movie,Pete's Dragon,2016-08-10,103,,30.919
s1441,TV Show,Disney Mech-X4,2016-11-11,756,36,15.83
s348,Movie,Mulan,1998-06-18,88,,153.786
s1322,Movie,The Princess and the Frog,2009-12-08,98,,116.295
s245,TV Show,Big Shot,2021-04-16,459,10,31.186
s503,Movie,Artemis Fowl,2020-06-12,94,,34.923
s859,Movie,Disneynature Crimson Wing,2008-12-17,78,,4.48
s945,Movie,Hocus Pocus,1993-07-16,96,,110.2
s110,Movie,Far Away From Raven’s Home,2021-05-21,11,,2.065
s1321,Movie,The Prince and the Pauper,1990-11-16,25,,8.458
s769,Movie,BURN-E,2008-11-17,8,,8.048
s626,Movie,Timmy Failure: Mistakes Were Made,2020-01-25,99,,14.575
s827,TV Show,Disney Gravity Falls,2012-06-15,2354,106,171.656
s619,TV Show,Star Wars: The Clone Wars,2008-10-03,,193,100.491
s593,Movie,The Straight Story,1999-10-15,112,,9.637
s579,TV Show,Fish Hooks,2010-09-03,,110,10.771
s142,TV Show,Cesar Millan: Better Human Better Dog,2021-07-30,,15,6.335
s309,TV Show,Dinosaurs,1991-04-26,1771,77,29.649
s31,Movie,Pixar 2021 Disney+ Day Special,2021-11-12,4,,3.677
s209,TV Show,Bluey,2018-10-01,,159,42.651
s9,TV Show,Secrets of the Zoo: Tampa,2020-01-05,1080,24,0.674
s75,Movie,Black Widow,2021-07-07,134,,363.807
s40,Movie,Tick Tock Tale,2015-08-18,7,,5.326
s48,Movie,Snow Buddies,2008-02-05,87,,11.838
s1326,Movie,The Reluctant Dragon,1941-06-19,74,,8.045
s1116,TV Show,Out of the Box,1998-12-04,400,16,1.102
s1158,Movie,Recess: Taking the 5th Grade,2003-12-09,62,,9.431
s46,Movie,Prep & Landing: Operation Secret Santa,2010-12-07,7,,6.245
s1433,Movie,Justin Morgan had a Horse,1972-02-06,88,,1.952
s629,Movie,Around the World in 80 Days,2004-06-16,120,,22.789
s32,Movie,Shang-Chi and The Legend of The Ten Rings,2021-09-01,132,,632.806
s510,Movie,Chasing the Equinox,2019-11-19,45,,2.956
s77,Movie,Drain The Oceans: The Mississippi River & Arctic War,2021-08-02,45,,0.6
s153,Movie,Playing with Sharks,2021-06-05,95,,5.064
s1034,TV Show,Marvel Rising: Initiation (Shorts),2018-08-13,48,12,6.963
s1425,Movie,Zapped,2014-06-27,92,,12.982
s182,TV Show,Mickey Mouse Mixed-Up Adventures,2019-10-14,792,36,4.55
s79,TV Show,IMPACT with Gal Gadot,2021-04-26,78,6,2.346
s451,Movie,Cradle of the Gods,2012-03-01,0,,2.113
s1009,TV Show,LEGO Star Wars: The New Yoda Chronicles - Raid on Coruscant,2014-05-12,,1,0.6
s450,Movie,Black Is King,2020-07-31,85,,10.393
s970,TV Show,Iron Man Armored Adventures,2009-04-24,1144,52,13.351
s1386,Movie,Treasure Island,1950-07-19,96,,15.538
s278,TV Show,Mexico Untamed,2018-09-14,132,3,0.895
s221,Movie,Tinker Bell and the Legend of the NeverBeast,2014-12-12,77,,69.02
s1153,Movie,Ratatouille,2007-06-28,111,,154.644
s1366,Movie,Three Men and a Little Lady,1990-11-21,104,,10.869
s775,Movie,Candleshoe,1977-12-16,101,,6.755
s114,TV Show,"Mira, Royal Detective",2020-03-20,,104,6.69
s487,Movie,While You Were Sleeping,1995-04-21,103,,16.253
s980,Movie,Jonas Brothers: The Concert Experience,2009-02-27,76,,6.86
s1216,Movie,Star Wars: Revenge of the Sith (Episode III),2005-05-17,140,,54.615
s690,Movie,Expedition Amelia,2019-10-20,95,,4.376
s1282,Movie,The Good Dinosaur,2015-11-14,93,,86.329
s375,Movie,Prep & Landing,2009-12-24,22,,8.412
s305,Movie,Disney My Music Story: Yoshiki,2021-02-05,47,,0.667
s548,Movie,The Princess Bride,1987-09-25,99,,19.697
s22,Movie,Frozen Fever,2015-03-09,8,,56.778
s642,Movie,Forky Asks a Question: What is Reading?,2020-01-10,4,,3.357
s1340,Movie,The Sound of Music,1965-03-29,175,,21.188
s127,TV Show,Gigantosaurus,2019-01-18,1704,142,8.227
s47,Movie,Santa Buddies: The Legend of Santa Paws,2009-10-22,88,,10.205
s502,Movie,Tummy Trouble,1989-06-23,7,,6.497
s1298,Movie,The Little Mermaid,1989-11-17,83,,141.374
s50,Movie,The Search for Santa Paws,2010-10-12,89,,11.036
s901,Movie,Freaky Friday,2003-08-05,97,,58.839
s832,TV Show,Disney K.C. Undercover,2015-01-18,1900,76,36.451
s1179,Movie,Santa's Workshop,1932-12-10,7,,5.566
s968,Movie,Invisible Sister,2015-12-10,77,,21.426
s264,TV Show,Secrets Of The Zoo,2018-07-29,,45,3.478
s887,TV Show,Fantastic Four: World's Greatest Heroes,2006-09-02,638,29,8.835
s902,Movie,Free Solo,2018-09-28,100,,14.959
s1391,Movie,Tru Confessions,2002-04-05,83,,5.116
s179,TV Show,The Croc That Ate Jaws,2021-07-12,45,1,0.6
s504,TV Show,Mighty Med,2013-10-07,1104,46,10.736
s1129,Movie,Piglet's Big Movie,2003-03-16,75,,11.499
s1054,TV Show,Marvel Ultimate Spider-Man,2012-04-01,,103,67.938
s322,Movie,Big Sharks Rule,2018-07-16,44,,1.528
s686,Movie,Marvel Studios' Thor: Ragnarok,2017-10-24,131,,604.63
s1421,Movie,You Lucky Dog,1998-06-27,88,,2.451
s506,Movie,The Story of the Animated Drawing,1955-11-30,49,,1.189
s383,TV Show,Marvel Super Hero Adventures,2017-10-13,,50,3.317
s877,TV Show,Elena of Avalor (Shorts),2016-07-22,,101,36.42
s1294,Movie,The Jungle Book: Mowgli's Story,1998-01-01,77,,8.682
s210,Movie,Dinner Is Served,2021-05-28,21,,2.313
s1133,Movie,Pirates of the Caribbean: Dead Man's Chest,2006-07-06,151,,200.139
s386,Movie,Toy Story of Terror!,2013-10-16,22,,1.951
s505,Movie,The Liberty Story,1957-05-29,48,,1.199
s213,TV Show,Kingdom of the Polar Bears,2021-02-26,,2,1.331
s582,Movie,"Lambert, The Sheepish Lion",1952-02-08,8,,7.042
s599,TV Show,Be Our Chef,2020-03-27,275,11,2.127
s672,TV Show,The Proud Family,2001-09-15,1248,58,15.122
s283,Movie,Own the Room,2021-03-12,91,,1.826
s198,Movie,Strange Magic,2015-01-23,99,,35.315
s663,Movie,Drain The Titanic,2016-05-05,46,,4.311
s1450,Movie,Captain Sparky vs. The Flying Saucers,2013-01-06,3,,3.046
s90,TV Show,Rolie Polie Olie,1998-10-04,1782,81,10.54
s627,Movie,Toy Story 4,2019-06-19,100,,168.433
s594,Movie,Frankenweenie,2012-10-04,87,,42.719
s703,Movie,The Wonderful World of Disney Presents The Little Mermaid Live!,2019-11-05,90,,3.969
s474,Movie,X-Men: Apocalypse,2016-05-18,144,,102.092
s191,Movie,Wolfgang,2021-06-25,78,,5.026
s412,Movie,Notre Dame: Race Against The Inferno,2019-04-15,44,,1.996
s1145,Movie,Pooh's Grand Adventure: The Search for Christopher Robin,1997-08-05,76,,14.882
s476,Movie,Hamilton: History Has Its Eyes on You,2020-07-10,46,,2.757
s1426,Movie,Zenon: Girl of the 21st Century,1999-01-23,97,,7.59
s1124,Movie,Phantom of the Megaplex,2000-11-10,89,,5.637
s282,Movie,Miss Peregrine's Home for Peculiar Children,2016-09-27,127,,72.201
s1353,Movie,The Ugly Duckling,1939-04-07,9,,8.273
s1098,TV Show,Muppet Moments (Shorts),2015-04-03,,41,1.769
s436,TV Show,Scuba Sam's World,2018-07-03,18,6,0.6
s543,TV Show,Lost Treasures Of Egypt,2019-07-07,990,22,5.703
s869,Movie,DuckTales The Movie: Treasure of the Lost Lamp,1990-08-03,74,,13.385
s235,TV Show,Spider-Man,1994-11-19,1452,66,47.645
s933,Movie,Hannah Montana The Movie,2009-04-10,102,,46.012
s819,Movie,Disney Den Brother,2010-08-13,89,,6.653
s257,Movie,Squanto: A Warrior's Tale,1994-10-28,102,,4.907
s705,TV Show,Mickey Mouse Roadster Racers,2017-01-15,,174,19.445
s766,Movie,Brother Bear 2,2006-08-17,73,,50.72
s817,Movie,Disney Bad Hair Day,2015-02-13,90,,8.051
s328,TV Show,Disney Gallery / Star Wars: The Mandalorian,2020-05-04,329,10,23.7
s498,Movie,Egypt's Treasure Guardians,2016-12-28,0,,3.526
s128,TV Show,Life Below Zero: Next Generation,2020-09-07,,38,2.204
s1301,Movie,The Little Whirlwind,1941-02-14,8,,2.182
s201,TV Show,Zenimation,2020-05-22,140,20,4.716
s1241,Movie,The Adventures of André & Wally B.,1984-12-17,2,,8.65
s1335,Movie,The Secret of the Magic Gourd,2007-06-29,85,,48.742
s93,TV Show,The Simpsons,1989-12-17,17800,809,500.886
s857,Movie,Disneynature Born in China,2016-08-12,76,,27.11
s993,TV Show,Kingdom of the White Wolf,2019-08-25,,3,3.728
s1420,Movie,Yellowstone Cubs,1963-06-01,48,,1.111
s1096,Movie,Mr. Mouse Takes a Trip,1940-11-01,8,,3.572
s1279,Movie,The Ghosts of Buxley Hall,1980-12-21,120,,2.387
s180,TV Show,When Sharks Attack,2013-07-14,,43,23.675
s530,Movie,Maleficent: Mistress of Evil,2019-10-16,119,,121.276
s556,TV Show,Tangled: The Series,2017-03-24,1477,69,31.194
s87,TV Show,Disney's Magic Bake-Off,2021-08-13,,12,2.065
s1362,Movie,Three Days,2001-12-09,91,,2.494
s1167,Movie,Riley’s First Date?,2015-11-03,8,,19.179
s315,Movie,Mary Poppins Returns,2018-12-13,131,,24.595
s33,Movie,Spin,2021-08-13,93,,7.771
s258,Movie,Caravan of Courage: An Ewok Adventure,1984-11-25,96,,17.609
s942,Movie,High School Musical 2,2007-08-17,111,,29.401
s1155,Movie,Ready to Run,2000-07-14,88,,2.787
s132,Movie,X-Men,2000-07-13,104,,2.525
s321,Movie,700 Sharks,2018-06-09,92,,4.13
s21,Movie,Feast,2005-10-14,95,,10.696
s463,TV Show,PJ Masks (Shorts),2015-09-18,,240,40.446
s1021,Movie,Lilo & Stitch,2002-06-21,85,,78.765
s1110,Movie,Oliver & Company,1988-11-18,77,,20.249
s533,TV Show,Awesome Animals,2017-04-13,,10,0.6
s1312,TV Show,The Muppets (Series),2015-09-22,391,17,7.326
s1059,TV Show,Marvel's Guardians of the Galaxy (Series),2015-09-05,1747,93,27.044
s809,Movie,Day & Night,2010-06-17,6,,16.617
s554,TV Show,America's Funniest Home Videos,1989-11-26,,696,13.41
s500,Movie,The Pirate Fairy,2014-02-13,78,,53.353
s70,Movie,Mickey's Tale of Two Witches,2021-10-07,46,,68.046
s911,Movie,George & A.J.,2009-11-10,4,,8.239
s1348,Movie,The Three Caballeros,1944-07-21,71,,10.188
s764,Movie,Brink!,1998-08-28,99,,6.29
s1412,Movie,Winter Storage,1949-06-03,7,,4.569
s1146,Movie,Pooh's Heffalump Movie,2005-02-11,68,,12.525
s431,TV Show,Jungle Animal Rescue,2020-02-05,270,6,0.757
s55,Movie,Bob Ballard: An Explorer's Life,2021-06-15,44,,1.235
s695,Movie,Marvel Rising: Heart of Iron,2019-04-03,44,,13.676
s263,Movie,Night at the Museum,2006-10-20,108,,31.701
s953,Movie,How Dogs Got Their Shapes,2016-04-17,44,,1.604
s1270,Movie,The Color of Friendship,2000-02-05,87,,5.554
s462,Movie,Pirates of the Caribbean: Dead Men Tell No Tales,2017-05-23,129,,169.06
s647,TV Show,Austin & Ally,2011-12-02,2175,87,25.61
s985,Movie,Jungle 2 Jungle,1997-03-04,97,,11.13
s207,Movie,Us Again,2021-03-03,7,,7.906
s577,Movie,Elephant,2003-09-20,81,,18.761
s892,Movie,Flight of the Navigator,1986-07-30,90,,12.925
s682,Movie,Forky Asks a Question: What is a Computer?,2019-12-13,3,,2.531
s413,TV Show,Once Upon a Time,2011-10-23,7095,165,102.861
s932,Movie,Hannah Montana and Miley Cyrus: Best of Both Worlds Concert,2008-02-01,82,,8.698
s295,Movie,Shanghai Disney Resort Grand Opening Gala,2016-06-16,25,,0.961
s408,TV Show,Europe from Above,2019-11-10,810,18,2.496
s185,TV Show,Disney Raven's Home,2017-07-21,2400,96,43.42
s1444,Movie,Aquamarine,2006-03-03,104,,29.842
s570,Movie,Disneynature Penguins,2019-04-17,76,,2.596
s129,Movie,Eragon,2006-12-14,104,,28.838
s668,Movie,Marvel Rising: Battle of The Bands,2019-08-28,22,,7.483
s1266,Movie,The Cheetah Girls: One World,2008-08-22,90,,10.553
s881,Movie,Escape to Witch Mountain,1975-03-21,97,,8.65
s948,Movie,"Honey, I Shrunk the Kids",1989-06-23,93,,21.18
s803,TV Show,Crash & Bernstein,2012-10-08,,39,4.575
s1188,TV Show,Shake It Up,2010-11-07,,80,24.238
s767,Movie,Buffalo Dreams,2005-09-12,90,,3.932
s1142,Movie,Pocahontas,1995-06-14,81,,64.494
s310,Movie,Texas Storm Squad,2020-09-16,44,,1.602
s316,TV Show,WandaVision,2021-01-15,349,9,272.759
s409,Movie,Ever After: A Cinderella Story,1998-07-31,121,,20.348
s303,Movie,Rodgers & Hammerstein's Cinderella,1997-11-02,88,,9.418
s1043,Movie,Marvel Studios' Captain America: The Winter Soldier,2014-03-20,136,,77.248
s151,TV Show,Turning the Tables with Robin Roberts,2021-07-28,104,4,3.532
s786,Movie,Cars Toon: The Radiator Springs 500 1/2,2014-05-20,6,,7.902
s801,Movie,Corn Chips,1951-03-23,7,,3.481
s82,Movie,Alvin and the Chipmunks: The Road Chip,2015-12-17,92,,37.368
s291,Movie,Myth: A Frozen Tale,2021-02-26,11,,2.905
s532,Movie,John Carter,2012-03-07,132,,128.264
s924,TV Show,Great Migrations,2010-11-07,360,8,2.928
s990,Movie,Kim Possible Movie: So the Drama,2005-04-08,71,,10.64
s108,TV Show,Miraculous: Tales Of Ladybug & Cat Noir,2015-10-19,4390,173,338.968
s761,Movie,Brave,2012-06-21,93,,134.03
s589,TV Show,Sonny With A Chance,2009-02-08,,48,18.626
s963,Movie,Inspector Gadget,1999-07-23,78,,13.594
s314,Movie,Isle of Dogs,2018-03-23,101,,23.804
s607,Movie,The Finest Hours,2016-01-27,117,,26.479
s388,Movie,Clouds,2020-10-09,121,,30.081
s648,TV Show,Billy Dilley's Super-Duper Subterranean Summer,2017-06-03,,13,1.063
s1329,Movie,The Rescuers Down Under,1990-11-16,77,,6.783
s541,Movie,How to Play Baseball,1942-09-04,8,,3.455
s406,TV Show,Becoming,2020-09-18,250,10,1.932
s1102,TV Show,My Friends Tigger & Pooh,2007-05-12,2904,132,19.578
s1081,Movie,Mighty Joe Young,1998-12-25,114,,13.844
s143,TV Show,Walt Disney Animation Studios: Short Circuit Experimental Films,2020-01-24,,19,4.292
s923,Movie,Grasshopper and the Ants,1934-02-10,8,,5.658
s914,Movie,Giants of the Deep Blue,2017-08-06,0,,1.542
s10,Movie,A Muppets Christmas: Letters To Santa,2008-12-17,55,,5.754
s979,Movie,Johnny Tsunami,1999-07-24,88,,8.181
s59,TV Show,PJ Masks,2015-09-18,,240,40.446
s334,Movie,Dory's Reef Cam,2020-12-18,182,,130.137
s950,Movie,Horse Sense,1999-11-20,92,,4.656
s732,Movie,Atlantis Rising,2017-01-29,93,,4.57
s965,Movie,Into the Grand Canyon,2019-02-09,84,,4.466
s234,TV Show,The Bad Batch,2021-05-04,,17,56.912
s538,Movie,George of the Jungle,1997-07-15,93,,20.157
s890,Movie,Finding Nemo,2003-05-30,100,,126.808
s323,Movie,Dr. Seuss' Horton Hears a Who!,1999-10-05,60,,2.758
s113,TV Show,"Doogie Kamealoha, M.D.",2021-09-08,260,10,43.297
s1338,Movie,The Sign of Zorro,1958-11-18,91,,2.468
s807,Movie,Davy Crockett and the River Pirates,1956-07-18,81,,5.574
s625,TV Show,That's So Raven,2003-01-17,2323,101,25.817
s1306,Movie,The Many Adventures of Winnie the Pooh,1977-03-11,74,,19.464
s974,Movie,James and the Giant Peach,1996-04-12,79,,17.854
s1228,Movie,Swiss Family Robinson,1960-12-21,126,,13.46
s810,Movie,Decorating Disney: Holiday Magic,2017-12-18,58,,2.365
s1331,Movie,The Santa Clause,1994-11-11,97,,13.013
s709,Movie,101 Dalmatians,1996-11-27,103,,90.257
s1254,Movie,The Bears and I,1974-07-31,89,,1.809
s274,TV Show,Pickle and Peanut,2015-09-02,935,82,3.112
s1064,TV Show,Marvel's Ultimate Comics,2016-11-04,16,4,2.086
s1118,Movie,Partly Cloudy,2009-05-28,5,,9.752
s1192,TV Show,Silver Surfer,1998-02-07,338,13,5.705
s88,TV Show,Great Barrier Reef,2012-01-01,180,3,0.956
s771,Movie,Camp Nowhere,1994-08-26,96,,7.937
s739,Movie,Bambi,1942-08-14,70,,113.098
s601,TV Show,Disney I Didn't Do It,2014-01-17,858,39,8.727
s1341,Movie,The Story of Robin Hood And His Merrie Men,1952-05-26,84,,5.631
s727,Movie,Amy,2015-07-03,128,,21.935
s1242,Movie,The Adventures of Bullwhip Griffin,1967-03-08,108,,4.784
s999,Movie,Lady and the Tramp,1955-06-22,76,,60.556
s429,Movie,Disney Zombies 2,2020-06-13,84,,71.833
s746,Movie,Beezy Bear,1955-09-02,7,,4.639
s987,Movie,Kazaam,1996-07-17,93,,11.268
s215,Movie,The Last of the Chupacabras,2021-05-28,14,,3.58
s325,Movie,Mega Hammerhead,2016-06-26,60,,1.9
s42,Movie,Willow,1988-05-20,126,,20.791
s615,TV Show,Star Wars Resistance,2018-10-07,,50,21.935
s897,Movie,For the Birds,2000-11-02,3,,9.435
s470,Movie,Lost City of Machu Picchu,2019-01-01,44,,2.802
s103,Movie,Flooded Tombs of the Nile,2021-02-05,44,,2.667
s1255,Movie,The Big Bad Wolf,1934-04-14,9,,6.607
s849,TV Show,Disney's Mighty Ducks,1996-09-07,,26,6.127
s289,TV Show,Dog With a Blog,2012-10-12,1449,69,11.785
s944,TV Show,High School Musical: The Musical: The Series,2019-11-12,,30,52.456
s755,Movie,Boat Builders,1938-02-25,7,,3.764
s239,TV Show,DuckTales,2017-08-12,1921,88,37.085
s833,TV Show,Disney Lab Rats: Elite Force,2016-03-02,330,15,14.167
s590,Movie,The Boy Who Talked to Badgers,1975-09-14,100,,2.1
s1272,Movie,The Country Bears,2002-07-26,88,,8.157
s1074,Movie,Mickey's Birthday Party,1942-02-07,8,,5.881
s1382,Movie,Toy Story Toons: Partysaurus Rex,2012-09-14,7,,17.784
s1355,Movie,The Vanishing Prairie,1954-08-16,71,,2.22
s921,Movie,Gotta Kick it Up,2002-07-26,78,,5.131
s20,Movie,Enchanted,2007-11-20,107,,57.549
s783,Movie,Cars Toon: Mater Private Eye,2010-11-02,5,,6.43
s646,Movie,Forky Asks a Question: What is Cheese?,2020-01-03,3,,3.795
s17,Movie,Ciao Alberto,2021-11-12,7,,215.727
s564,TV Show,Disney Playtime with Puppy Dog Pals (Shorts),2018-01-01,,8,2.581
s1442,TV Show,Imagination Movers,2008-09-06,,75,6.868
s402,Movie,Secret Society of Second-Born Royals,2020-09-25,97,,74.743
s1190,Movie,Sharpay's Fabulous Adventure,2011-04-19,90,,23.058
s654,Movie,Cars Toon: Tokyo Mater,2008-12-12,6,,8.597
s1334,Movie,The Scream Team,2002-10-11,88,,3.545
s336,Movie,"Miraculous World: New York, United Heroez",2020-09-25,55,,305.056
s324,Movie,Great Shark Chow Down,2019-07-15,0,,1.7
s442,Movie,Prince of Persia: The Sands of Time,2010-05-19,116,,75.862
s368,TV Show,Inside Pixar,2020-11-13,220,20,6.146
s795,Movie,Cinderella III: A Twist in Time,2007-02-06,74,,57.067
s723,Movie,Aliens of the Deep,2005-01-28,95,,5.671
s674,TV Show,Year Million,2017-05-15,360,6,3.062
s839,TV Show,Disney Take Two With Phineas And Ferb (Shorts),2010-12-03,,20,8.94
s89,TV Show,Ready for Preschool,2019-10-19,,53,1.472
s329,Movie,Max Keeble's Big Move,2001-10-05,86,,11.807
s30,Movie,Paperman,2012-11-02,7,,7.833
s539,Movie,Homeward Bound II: Lost in San Francisco,1996-03-08,89,,12.986
s255,Movie,Man of the House,2005-02-25,100,,9.804
s722,Movie,Alice in Wonderland,2010-03-03,108,,78.929
s190,TV Show,The Mysterious Benedict Society,2021-06-25,440,8,13.206
s563,Movie,A Celebration of the Music from Coco,2020-03-29,47,,2.505
s216,Movie,The Little Prince(ss),2021-05-28,19,,16.95
s568,Movie,A Tale of Two Critters,1977-06-22,48,,2.229
s1311,Movie,The Muppets,2011-11-22,103,,31.47
s799,Movie,Confessions of a Teenage Drama Queen,2004-02-17,89,,12.863
s641,Movie,Destino,2003-08-05,7,,7.324
s888,Movie,Ferdinand the Bull,1938-11-23,8,,10.09
s640,TV Show,Wild Russia,2008-12-24,,11,1.274
s792,Movie,Chip an' Dale,1947-11-28,7,,4.832
s614,Movie,Viking Warrior Women,2019-11-03,44,,1.614
s354,Movie,From Our Family to Yours,2020-11-08,3,,0.6
s1284,Movie,The Greatest Game Ever Played,2005-09-30,120,,12.009
s1367,Movie,Thru the Mirror,1936-05-30,9,,6.684
s1377,Movie,Tom and Huck,1995-12-22,97,,8.016
s1346,Movie,The Swap,2016-10-07,89,,12.353
s1181,Movie,Science Fair,2018-09-14,90,,3.522
s1411,Movie,Winnie the Pooh: Springtime with Roo,2004-03-09,65,,14.785
s1005,TV Show,LEGO Star Wars: Resistance Rises (Shorts),2016-02-15,25,5,2.67
s1073,Movie,"Mickey, Donald, Goofy: The Three Musketeers",2004-08-04,68,,20.204
s197,TV Show,Puppy Dog Pals,2017-04-14,,218,22.146
s842,TV Show,Disney's Adventures Of The Gummi Bears,1985-09-14,,95,29.278
s1437,Movie,The Great Mouse Detective,1986-07-02,74,,15.988
s828,TV Show,Disney Gravity Falls (Shorts),2013-10-14,,17,23.704
s1211,TV Show,Star Wars Rebels (Shorts),2014-10-13,1663,75,66.232
s1015,Movie,Leroy & Stitch,2006-06-23,73,,19.612
s265,Movie,Sharks Of The Bermuda Triangle,2020-08-13,44,,2.75
s1234,Movie,Teacher's Pet,2004-01-16,74,,6.895
s466,TV Show,Wild Sri Lanka,2015-01-14,150,3,0.705
s552,Movie,National Treasure,2004-11-19,131,,31.399
s787,Movie,Casebusters,1986-05-25,47,,2.251
s521,Movie,The Moon-Spinners,1964-01-01,118,,4.644
s632,Movie,The Lion King,1994-06-23,89,,184.51
s1376,Movie,Toby Tortoise Returns,1936-08-22,7,,2.681
s952,Movie,Hounded,2001-01-01,91,,4.675
s280,Movie,Doc McStuffins: The Doc Is In,2020-12-04,24,,1.4
s382,TV Show,India From Above,2020-08-11,88,2,1.516
s928,Movie,Halloweentown High,2004-10-08,82,,11.669
s749,TV Show,Best Friends Whenever,2015-06-26,736,32,10.576
s1418,TV Show,X-Men: Evolution,2000-11-04,1409,64,36.742
s829,TV Show,Disney Jake and the Never Land Pirates,2011-02-14,4818,219,25.736
s52,TV Show,Disney Amphibia,2019-06-17,,106,89.3
s770,Movie,Cadet Kelly,2002-03-07,101,,20.098
s496,Movie,Big Sur: Wild California,2010-03-30,47,,1.763
s545,Movie,Nature's Half Acre,1951-07-28,33,,0.661
s1364,Movie,Three Little Wolves,1936-04-18,9,,5.492
s360,Movie,Planes,2013-08-09,91,,37.95
s1380,Movie,Toy Story 3,2010-06-16,103,,141.694
s85,Movie,The Scariest Story Ever: A Mickey Mouse Halloween Spooktacular,2017-01-01,22,,3.976
s100,Movie,Confessions of a Shopaholic,2009-02-05,104,,62.517
s529,TV Show,It's a Dog's Life with Bill Farmer,2020-05-15,220,10,1.27
s940,Movie,Hercules,1997-06-20,93,,116.642
s1171,Movie,Rogue One: A Star Wars Story,2016-12-14,133,,52.888
s988,TV Show,Kickin' It,2011-06-13,1955,85,17.492
s1174,Movie,Sacred Planet,2004-04-12,40,,2.383
s1117,Movie,Paris To Pittsburgh,2018-12-12,77,,2.32
s438,Movie,The Greatest Showman,2017-12-20,105,,37.014
s1120,Movie,Perri,1957-08-28,75,,1.733
s1204,Movie,Society Dog Show,1939-02-03,8,,2.838
s765,Movie,Brother Bear,2003-10-23,85,,93.946
s747,Movie,Before the Flood,2016-10-21,93,,20.394
s937,Movie,Herbie Goes Bananas,1980-06-25,110,,8.737
s148,TV Show,Disney Junior T.O.T.S.,2019-06-14,,150,7.509
s311,TV Show,Pixar Popcorn,2021-01-22,14,10,9.617
s651,Movie,Cars Toon: Rescue Squad Mater,2008-10-27,3,,6.717
s66,TV Show,Secrets of the Zoo: North Carolina,2020-10-31,360,8,0.6
s597,Movie,The Last Song,2010-03-31,107,,15.672
s734,Movie,Atlantis: The Lost Empire,2001-06-02,95,,35.293
s1265,Movie,The Cheetah Girls 2,2006-07-31,96,,9.795
s821,TV Show,Disney Descendants Wicked World (Shorts),2015-09-18,68,34,10.349
s233,TV Show,Star Wars Vehicle Flythroughs,2021-05-03,8,2,2.388
s830,TV Show,Disney JONAS,2009-05-02,782,34,9.897
s1309,Movie,The Muppet Christmas Carol,1992-12-10,85,,9.197
s1324,Movie,The Princess Diaries 2: Royal Engagement,2004-08-06,113,,32.737
s1061,TV Show,Marvel's Hero Project,2019-11-12,600,20,2.593
s53,TV Show,Photo Ark,2020-10-17,132,3,0.6
s192,TV Show,Dino Ranch,2021-01-18,,52,5.883
s711,Movie,102 Dalmatians,2000-10-07,100,,16.903
s196,TV Show,Star Wars Vintage: Droids,1985-09-07,286,13,8.168
s261,Movie,Island at the Top of the World,1974-12-16,93,,5.799
s701,Movie,Coco (in Spanish),2017-10-27,105,,239.377
s905,Movie,Full-Court Miracle,2003-11-21,90,,5.035
s954,Movie,How to Build a Better Boy,2014-11-18,90,,13.196
s307,Movie,Upside-Down Magic,2020-07-31,96,,76.416
s1004,TV Show,LEGO Star Wars: Droid Tales,2015-10-05,119,5,4.425
s45,Movie,Jingle All the Way 2,2014-12-02,93,,6.682
s349,Movie,Sky High,2005-07-29,100,,24.808
s926,Movie,Gus,2013-12-06,87,,3.846
s452,TV Show,Destination World,2018-06-14,21,7,0.6
s425,Movie,Mars: One Day on the Red Planet,2020-01-05,88,,3.459
s780,Movie,Cars Toon: Air Mater,2011-08-04,6,,14.98
s1094,Movie,Mr. Boogedy,1986-04-20,44,,5.486
s855,Movie,Disneynature African Cats,2011-04-21,89,,8.577
s1203,TV Show,So Weird,1999-01-18,1560,65,5.73
s1290,Movie,The Incredible Journey,1963-11-20,80,,5.532
s1431,Movie,Blackbeard's Ghost,1968-02-08,106,,8.42
s666,Movie,Holes,2003-04-18,117,,15.161
s428,TV Show,Disney Junior T.O.T.S.: Calling All T.O.T.S. (Shorts),2020-03-30,,20,3.723
s708,Movie,10 Things I Hate About You,1999-03-30,97,,36.847
s67,TV Show,The Wizard of Paws,2020-04-08,775,31,1.018
s519,Movie,Mickey and the Seal,1948-12-03,7,,3.479
s595,Movie,Mars Needs Moms,2011-03-09,88,,27.901
s1163,Movie,Return to Halloweentown,2006-10-20,88,,11.586
s587,Movie,Pluto's Party,1952-09-19,7,,2.481
s967,Movie,Invincible,2006-08-25,105,,14.892
s1395,Movie,Twitches,2005-10-14,86,,30.855
s793,Movie,Cinderella,1950-02-22,74,,137.867
s1247,Movie,The Apple Dumpling Gang,1975-07-01,100,,7.994
s578,Movie,Elmer Elephant,1936-03-28,8,,2.783
s600,Movie,A Wrinkle in Time,2018-03-08,109,,21.074
s346,Movie,Godmothered,2020-12-04,113,,68.026
s876,Movie,Eight Below,2006-02-17,120,,24.546
s208,Movie,American Eid,2021-05-28,21,,5.131
s724,Movie,Alley Cats Strike!,2000-03-18,87,,3.846
s1293,Movie,The Jungle Book 2,2003-02-07,72,,23.803
s440,TV Show,Wild Cats of India,2020-02-18,90,2,0.891
s1285,Movie,The Haunted Mansion,2003-11-25,88,,18.57
s1150,TV Show,Quack Pack,1996-09-02,,39,13.295
s989,Movie,Kim Possible,2019-02-15,86,,23.163
s1147,Movie,Presto,2008-06-27,5,,8.535
s168,Movie,Sharkcano,2020-07-01,45,,2.299
s762,Movie,Brave Little Toaster to the Rescue,1997-11-01,74,,8.005
s794,Movie,Cinderella II: Dreams Come True,2002-02-23,74,,72.871
