show_id,type,title,director,release_year,duration
s1,Movie,Duck the Halls: A Mickey Mouse Christmas Special,"Alonso Ramirez Ramos, Dave Wasson",2016,23
s2,Movie,Ernest Saves Christmas,John Cherry,1988,91
s3,Movie,Ice Age: A Mammoth Christmas,Karen Disher,2011,23
s4,Movie,The Queen Family Singalong,Hamish Hamilton,2021,41
s5,TV Show,The Beatles: Get Back,,2021,
s6,Movie,Becoming Cousteau,Liz Garbus,2021,94
s7,TV Show,Hawkeye,,2021,
s8,TV Show,Port Protection Alaska,,2015,
s9,TV Show,Secrets of the Zoo: Tampa,,2019,
s10,Movie,A Muppets Christmas: Letters To Santa,Kirk R. Thatcher,2008,45
s11,Movie,Adventure Thru the Walt Disney Archives,John Gleim,2020,59
s12,Movie,Puppy for Hanukkah,,2020,4
s13,Movie,The Pixar Story,Leslie Iwerks,2007,91
s14,TV Show,"Dr. Oakley, Yukon Vet",,2013,
s15,Movie,America the Beautiful,,2021,2
s16,Movie,Baymax!,,2021,1
s17,Movie,Ciao Alberto,McKenna Harris,2021,8
s18,TV Show,Disney Fancy Nancy,,2018,
s19,TV Show,Disney Intertwined,,2021,
s20,Movie,Enchanted,Kevin Lima,2007,110
s21,Movie,Feast,Patrick Osborne,2014,8
s22,Movie,Frozen Fever,"Chris Buck, Jennifer Lee",2015,11
s23,Movie,Get a Horse!,Lauren MacMullan,2013,7
s24,Movie,Home Sweet Home Alone,Dan Mazer,2021,95
s25,Movie,Jungle Cruise,Jaume Collet-Serra,2021,129
s26,Movie,Limitless with Chris Hemsworth,,2021,2
s27,Movie,Marvel Studios’ 2021 Disney+ Day Special,,2021,14
s28,Movie,Obi-Wan Kenobi,,2021,1
s29,TV Show,Olaf Presents,,2021,
s30,Movie,Paperman,John Kahrs,2012,7
s31,Movie,Pixar 2021 Disney+ Day Special,,2021,5
s32,Movie,Shang-Chi and The Legend of The Ten Rings,Destin Daniel Cretton,2021,134
s33,Movie,Spin,Manjari Makijany,2021,94
s34,Movie,Tangled Ever After,"Nathan Greno, Byron Howard",2012,9
s35,Movie,The Ballad of Nessie,"Stevie Wermers-Skelton, Kevin Deters",2011,8
s36,Movie,The Little Matchgirl,Roger Allers,2006,7
s37,Movie,The Making of Happier Than Ever: A Love Letter to Los Angeles,David Clair,2021,30
s38,Movie,The Proud Family: Louder and Prouder,,2021,1
s39,Movie,The Simpsons in Plusaversary,David Silverman,2021,6
s40,Movie,Tick Tock Tale,Dean Wellins,2010,6
s41,Movie,Under the Helmet: The Legacy of Boba Fett,,2021,22
s42,Movie,Willow,,2021,3
s43,Movie,Alvin and the Chipmunks: Chipwrecked,Mike Mitchell,2011,87
s44,Movie,Jingle All The Way,Brian Levant,1996,90
s45,Movie,Jingle All the Way 2,Alex Zamm,2014,91
s46,Movie,Prep & Landing: Operation Secret Santa,"Kevin Deters, Stevie Wermers-Skelton",2010,8
s47,Movie,Santa Buddies: The Legend of Santa Paws,Robert Vince,2009,93
s48,Movie,Snow Buddies,Robert Vince,2008,91
s49,Movie,Space Buddies,Robert Vince,2009,87
s50,Movie,The Search for Santa Paws,Robert Vince,2010,101
s51,Movie,X-Men: First Class,Matthew Vaughn,2011,132
s52,TV Show,Disney Amphibia,,2018,
s53,TV Show,Photo Ark,,2017,
s54,TV Show,Storm Rising,,2021,
s55,Movie,Bob Ballard: An Explorer's Life,,2021,44
s56,Movie,"McFarland, USA",Niki Caro,2015,131
s57,Movie,Rookie of the Year,Daniel Stern,1993,104
s58,Movie,Thumbelina,"Don Bluth, Gary Goldman",1994,87
s59,TV Show,PJ Masks,,2015,
s60,TV Show,The Wild Life of Dr. Ole,,2021,
s61,Movie,Lost Cities with Albert Lin: The Great Flood,Jim Greayer,2021,44
s62,Movie,Megacity of the Maya Warriors,Ben Crichton,2021,44
s63,TV Show,Apollo: Back To The Moon,,2019,
s64,TV Show,Just Beyond,,2021,
s65,TV Show,Secrets Of The Zoo: Down Under,,2020,
s66,TV Show,Secrets of the Zoo: North Carolina,,2020,
s67,TV Show,The Wizard of Paws,,2021,
s68,TV Show,Zombies: Addison's Moonstone Mystery,,2020,
s69,Movie,Just Roll With It: You Decide Live!,,2019,52
s70,Movie,Mickey's Tale of Two Witches,Jeff Gordon,2021,47
s71,Movie,Muppets Haunted Mansion,Kirk Thatcher,2021,53
s72,Movie,The Most Magical Story on Earth: 50 Years of Walt Disney World,Dave Hoffman,2021,85
s73,Movie,Under Wraps,Alex Zamm,2021,92
s74,TV Show,Among the Stars,,2021,
s75,Movie,Black Widow,Cate Shortland,2021,135
s76,TV Show,Drain the Oceans,,2017,
s77,TV Show,Drain The Oceans: The Mississippi River & Arctic War,,2021,
s78,Movie,Fauci,"John Hoffman, Janet Tobias",2021,105
s79,TV Show,IMPACT with Gal Gadot,,2021,
s80,TV Show,The Ghost and Molly McGee,,2021,
s81,Movie,Alvin and the Chipmunks,Tim Hill,2007,91
s82,Movie,Alvin and the Chipmunks: The Road Chip,Walt Becker,2015,92
s83,Movie,LEGO Star Wars Terrifying Tales,Ken Cunningham,2021,47
s84,Movie,Maleficent,Robert Stromberg,2014,99
s85,Movie,The Scariest Story Ever: A Mickey Mouse Halloween Spooktacular,"Alonso Ramirez Ramos, Eddie Trigueros, Dave Wasson",2017,22
s86,TV Show,Disney Vampirina,,2017,
s87,TV Show,Disney's Magic Bake-Off,,2021,
s88,TV Show,Great Barrier Reef,,2020,
s89,TV Show,Ready for Preschool,,2019,
s90,TV Show,Rolie Polie Olie,,1998,
s91,TV Show,Star Wars Galaxy of Sounds,,2021,
s92,TV Show,The Hatcher Family Dairy,,2021,
s93,TV Show,The Simpsons,,1989,
s94,Movie,A Spark Story,"Jason Sterman, Leanne Dare",2021,88
s95,Movie,Spooky Buddies,Robert Vince,2011,93
s96,Movie,The Fault in Our Stars,Josh Boone,2014,127
s97,TV Show,Dog: Impossible,,2019,
s98,TV Show,Spidey And His Amazing Friends,,2021,
s99,TV Show,Star Wars: Visions,,2021,
s100,Movie,Confessions of a Shopaholic,P.J. Hogan,2009,106
s101,Movie,Descendants: Royal Wedding,Salvador Simó,2021,22
s102,Movie,Disney's Broadway Hits at London's Royal Albert Hall,Jay Hatcher,2016,116
s103,Movie,Flooded Tombs of the Nile,Katie Bauer Murdock,2021,44
s104,Movie,Jade Eyed Leopard,,2020,44
s105,Movie,Nona,Louis Gonzales,2021,9
s106,Movie,Smoky Mountain Park Rangers,,2021,42
s107,TV Show,Life Below Zero,,2012,
s108,TV Show,Miraculous: Tales Of Ladybug & Cat Noir,,2015,
s109,TV Show,Unknown Waters with Jeremy Wade,,2021,
s110,Movie,Far Away From Raven’s Home,,2021,11
s111,Movie,Pirates of the Caribbean: On Stranger Tides,Rob Marshall,2011,140
s112,Movie,Twenty Something,Aphton Corbin,2021,11
s113,TV Show,"Doogie Kamealoha, M.D.",,2021,
s114,TV Show,"Mira, Royal Detective",,2020,
s115,TV Show,Pepper Ann,,1997,
s116,TV Show,The Incredible Dr. Pol,,2011,
s117,Movie,Happier Than Ever: A Love Letter to Los Angeles,"Robert Rodriguez, Patrick Osborne",2021,66
s118,Movie,X-Men: Dark Phoenix,Simon Kinberg,2019,115
s119,TV Show,Alaska Animal Rescue,,2019,
s120,TV Show,Dug Days,,2021,
s121,Movie,Cruella,Craig Gillespie,2021,137
s122,Movie,Dan in Real Life,Peter Hedges,2007,99
s123,Movie,Disney Princess Remixed - An Ultimate Princess Celebration,Napoleon Dumo,2021,22
s124,Movie,Marvel One-Shot: All Hail the King,Drew Pearce,2014,14
s125,Movie,Underdog,Frederik Du Chau,2007,85
s126,TV Show,Dr. K's Exotic Animal ER,,2014,
s127,TV Show,Gigantosaurus,,2018,
s128,TV Show,Life Below Zero: Next Generation,,2020,
s129,Movie,Eragon,Stefen Fangmeier,2006,104
s130,TV Show,Growing Up Animal,,2021,
s131,Movie,Fantastic Four,Tim Story,2005,106
s132,Movie,X-Men,Bryan Singer,2000,105
s133,TV Show,America's Funniest Home Videos: Animal Edition,,2021,
s134,TV Show,Chicken Squad,,2021,
s135,TV Show,Disney Presents Goofy in How to Stay at Home,,2021,
s136,TV Show,Gabby Duran And The Unsittables,,2018,
s137,TV Show,What If...?,,2021,
s138,Movie,Beverly Hills Chihuahua 2,Alex Zamm,2011,88
s139,Movie,Beverly Hills Chihuahua 3: Viva La Fiesta!,Lev L. Spiro,2012,92
s140,Movie,Killer Shark vs Killer Whale,,2021,44
s141,Movie,Mrs. Doubtfire,Chris Columbus,1993,126
s142,TV Show,Cesar Millan: Better Human Better Dog,,2021,
s143,TV Show,Walt Disney Animation Studios: Short Circuit Experimental Films,,2020,
s144,Movie,Built for Mars: The Perseverance Rover,Mark J Davis,2021,88
s145,Movie,Garfield,Peter Hewitt,2004,82
s146,TV Show,Chip 'n' Dale: Park Life,,2021,
s147,TV Show,Critter Fixers: Country Vets,,2020,
s148,TV Show,Disney Junior T.O.T.S.,,2018,
s149,TV Show,Mickey Mouse Funhouse,,2021,
s150,TV Show,Minnie's Bow-Toons: Party Palace Pals,,2021,
s151,TV Show,Turning the Tables with Robin Roberts,,2021,
s152,Movie,Ice Age: The Meltdown,Carlos Saldanha,2006,94
s153,Movie,Playing with Sharks,,2021,91
s154,Movie,Shark vs. Surfer,Phil Stebbing,2020,44
s155,Movie,Shark vs. Whale,,2020,44
s156,Movie,Stuntman,Kurt Mattila,2021,87
s157,Movie,Walking with Dinosaurs: The Movie,"Barry Cook, Neil Nightingale",2013,88
s158,Movie,What the Shark?,,2020,44
s159,TV Show,Behind the Attraction,,2021,
s160,TV Show,Disney The Owl House,,2020,
s161,TV Show,Meet Spidey and His Amazing Friends (Shorts),,2021,
s162,TV Show,Mission Force One,,2017,
s163,TV Show,Turner & Hooch,,2021,
s164,Movie,Most Wanted Sharks,,2020,44
s165,Movie,Secrets of the Bull Shark,,2020,44
s166,TV Show,Shark Attack Files,,2021,
s167,Movie,Shark Attack Investigation: The Paige Winter Story,,2021,44
s168,Movie,Sharkcano,Andy Seestedt,2020,44
s169,Movie,We Bought a Zoo,Cameron Crowe,2011,125
s170,Movie,World's Biggest Bullshark,,2021,44
s171,Movie,World's Most Dangerous Shark?,Kevin Bachar,2021,44
s172,TV Show,So Random!,,2011,
s173,Movie,Flicka,Michael Mayer,2006,95
s174,Movie,"Miraculous World: Shanghai, The Legend of Ladydragon",Thomas Astruc,2021,54
s175,Movie,Orca vs. Great White,Sigmund Spath Jr.,2021,44
s176,Movie,Rogue Shark?,Mark Woodward,2021,44
s177,Movie,Shark Beach with Chris Hemsworth,Sally Aitken,2021,44
s178,Movie,Shark Gangs,"Jacob Cobi Benattia, Pete Berg, James Buchanan",2021,44
s179,Movie,The Croc That Ate Jaws,Mark Woodward,2021,44
s180,TV Show,When Sharks Attack,,2013,
s181,TV Show,Breaking Bobby Bones,,2021,
s182,TV Show,Mickey Mouse Mixed-Up Adventures,,2019,
s183,TV Show,Monsters at Work,,2021,
s184,Movie,"The Good, The Bart, and The Loki",David Silverman,2021,6
s185,TV Show,Disney Raven's Home,,2016,
s186,Movie,The Sandlot,David Mickey Evans,1993,101
s187,Movie,The Sandlot 2,David Mickey Evans,2005,98
s188,Movie,Adventures in Babysitting,Chris Columbus,1987,102
s189,TV Show,Running Wild with Bear Grylls,,2019,
s190,TV Show,The Mysterious Benedict Society,,2021,
s191,Movie,Wolfgang,David Gelb,2021,80
s192,TV Show,Dino Ranch,,2021,
s193,TV Show,Disney Just Roll With It,,2018,
s194,TV Show,"Heartland Docs, DVM",,2019,
s195,Movie,Luca,Enrico Casarosa,2021,101
s196,TV Show,Star Wars Vintage: Droids,,1985,
s197,TV Show,Puppy Dog Pals,,2016,
s198,Movie,Strange Magic,Gary Rydstrom,2015,101
s199,Movie,The Happiest Millionaire,Norman Tokar,1967,170
s200,Movie,The Pacifier,Adam Shankman,2005,97
s201,TV Show,Zenimation,,2020,
s202,TV Show,Loki,,2021,
s203,TV Show,Gordon Ramsay: Uncharted,,2018,
s204,TV Show,MUPPET BABIES,,2017,
s205,Movie,Raya and the Last Dragon,"Don Hall, Carlos López Estrada",2021,112
s206,Movie,Red Tails,Anthony Hemingway,2012,126
s207,Movie,Us Again,Zach A. Parrish,2021,7
s208,Movie,American Eid,Aqsa Altaf,2021,21
s209,TV Show,Bluey,,2019,
s210,Movie,Dinner Is Served,Hao Zheng,2021,21
s211,TV Show,Disney Sydney To The Max,,2018,
s212,Movie,Growing Fangs,Ann Marie Pace,2021,20
s213,TV Show,Kingdom of the Polar Bears,,2021,
s214,Movie,Let's Be Tigers,Stephanie Abel Horowitz,2021,15
s215,Movie,The Last of the Chupacabras,Jessica Mendez Siqeiros,2021,14
s216,Movie,The Little Prince(ss),Moxie Peng,2021,19
s217,TV Show,Wicked Tuna,,2016,
s218,TV Show,Big City Greens,,2017,
s219,TV Show,Fury Files,,2013,
s220,TV Show,Ice Road Rescue,,2015,
s221,Movie,Tinker Bell and the Legend of the NeverBeast,Steve Loter,2014,79
s222,TV Show,Schoolhouse Rock!,,1973,
s223,TV Show,Disney Special Agent Oso: Three Healthy Steps (Shorts),,2011,
s224,TV Show,Race to the Center of the Earth,,2021,
s225,TV Show,Special Agent Oso,,2009,
s226,Movie,X-Men: The Last Stand,Brett Ratner,2006,105
s227,TV Show,The Incredible Hulk,,1996,
s228,Movie,Fantastic Four: Rise of the Silver Surfer,Tim Story,2007,93
s229,TV Show,Wander Over Yonder,,2013,
s230,Movie,Wild Hearts Can't Be Broken,Steve Miner,1991,89
s231,Movie,"Maggie Simpson in ""The Force Awakens from its Nap""",David Silverman,2021,4
s232,Movie,Star Wars Biomes,,2021,18
s233,TV Show,Star Wars Vehicle Flythroughs,,2021,
s234,TV Show,The Bad Batch,,2021,
s235,TV Show,Spider-Man,,1994,
s236,Movie,22 vs. Earth,Kevin Nolting,2021,9
s237,TV Show,Adventures in Wonderland,,1996,
s238,Movie,Disney My Music Story SUKIMASWITCH,Kentaro Takayanagi,2020,81
s239,TV Show,DuckTales,,2017,
s240,Movie,Oklahoma!,Fred Zinnemann,1956,148
s241,Movie,Baby's Day Out,Patrick Read Johnson,1994,99
s242,Movie,Being the Queen,Tom Jennings,2020,44
s243,TV Show,Liv and Maddie,,2013,
s244,TV Show,Secrets of the Whales,,2021,
s245,TV Show,Big Shot,,2021,
s246,TV Show,Earth Moods,,2021,
s247,TV Show,Primal Survivor,,2014,
s248,Movie,Rio,Carlos Saldanha,2011,99
s249,Movie,The Kid Who Would Be King,Joe Cornish,2019,121
s250,Movie,Treasure Buddies,Robert Vince,2012,96
s251,Movie,White Fang 2: Myth of the White Wolf,Ken Olin,1994,106
s252,Movie,Cesar Millan: The Real Story,Doug Shultz,2012,45
s253,TV Show,Future-Worm!,,2016,
s254,TV Show,Kick Buttowski: Suburban Daredevil,,2010,
s255,Movie,Man of the House,James Orr,1995,97
s256,Movie,Mark Twain and Me,Daniel Petrie,1991,93
s257,Movie,Squanto: A Warrior's Tale,Xavier Koller,1994,102
s258,Movie,Caravan of Courage: An Ewok Adventure,John Korty,1984,97
s259,Movie,Ewoks: The Battle for Endor,"Jim Wheat, Ken Wheat",1985,97
s260,TV Show,Higglytown Heroes,,2004,
s261,Movie,Island at the Top of the World,Robert Stevenson,1974,94
s262,TV Show,Made in a Day,,2020,
s263,Movie,Night at the Museum,Shawn Levy,2006,109
s264,TV Show,Secrets Of The Zoo,,2017,
s265,Movie,Sharks Of The Bermuda Triangle,,2020,45
s266,TV Show,Star Wars Vintage: Clone Wars 2D Micro-Series,,2021,
s267,Movie,Star Wars Vintage: Story of the Faithful Wookiee,,2021,9
s268,TV Show,Star Wars: Ewoks,,1985,
s269,Movie,The Big Year,David Frankel,2011,101
s270,Movie,The Last Ice,Scott Ressler,2020,82
s271,Movie,Third Man on the Mountain,Ken Annakin,1959,107
s272,TV Show,Walk the Prank,,2016,
s273,Movie,Gnomeo & Juliet,Kelly Asbury,2011,86
s274,TV Show,Pickle and Peanut,,2015,
s275,TV Show,The Mighty Ducks: Game Changers,,2021,
s276,TV Show,Disney Big Hero 6 The Series,,2017,
s277,Movie,Disney My Music Story: Perfume,Kentaro Takayanagi,2019,53
s278,TV Show,Mexico Untamed,,2018,
s279,TV Show,The Falcon and The Winter Soldier,,2021,
s280,Movie,Doc McStuffins: The Doc Is In,Chris Hamilton,2020,24
s281,TV Show,Marvel Studios ASSEMBLED,,2021,
s282,Movie,Miss Peregrine's Home for Peculiar Children,Tim Burton,2016,127
s283,Movie,Own the Room,"Cristina Costantini, Darren Foster",2021,91
s284,Movie,Garfield: A Tail of Two Kitties,Tim Hill,2006,79
s285,TV Show,American Dragon: Jake Long,,2004,
s286,TV Show,Car SOS,,2012,
s287,TV Show,Disney Channel Games 2008,,2008,
s288,TV Show,Disney Roll It Back (Shorts),,2019,
s289,TV Show,Dog With a Blog,,2012,
s290,TV Show,Mickey Go Local,,2019,
s291,Movie,Myth: A Frozen Tale,Jeff Gipson,2021,12
s292,Movie,Okavango: River of Dreams,"Dereck Joubert, Beverly Joubert",2020,95
s293,TV Show,Pair of Kings,,2010,
s294,TV Show,Secrets of Sulphur Springs,,2021,
s295,Movie,Shanghai Disney Resort Grand Opening Gala,,2016,24
s296,Movie,Cheaper By the Dozen,Shawn Levy,2003,99
s297,Movie,Cheaper by the Dozen 2,Adam Shankman,2005,95
s298,Movie,Flora & Ulysses,Lena Khan,2021,95
s299,Movie,The Book of Life,Jorge R. Gutiérrez,2014,101
s300,TV Show,The Muppet Show,,1976,
s301,TV Show,Marvel Battleworld: Mystery of the Thanostones,,2020,
s302,Movie,Marvel's Behind the Mask,,2021,65
s303,Movie,Rodgers & Hammerstein's Cinderella,Robert Iscove,1997,86
s304,Movie,You Again,Andy Fickman,2010,106
s305,Movie,Disney My Music Story: Yoshiki,Kentaro Takayanagi,2019,48
s306,Movie,Expedition Everest,Katie Bauer Murdock,2020,45
s307,Movie,Upside-Down Magic,Joe Nussbaum,2020,97
s308,TV Show,Wicked Tuna: Outer Banks,,2013,
s309,TV Show,Dinosaurs,,1991,
s310,Movie,Texas Storm Squad,Natalie Hewit,2020,44
s311,TV Show,Pixar Popcorn,,2021,
s312,Movie,Wild Uganda,Harald Pokieser,2018,45
s313,TV Show,Elena of Avalor,,2015,
s314,Movie,Isle of Dogs,Wes Anderson,2018,102
s315,Movie,Mary Poppins Returns,Rob Marshall,2018,140
s316,TV Show,WandaVision,,2021,
s317,TV Show,Disney Fam Jam,,2020,
s318,Movie,Ferdinand,Carlos Saldanha,2017,111
s319,TV Show,Marvel Studios LEGENDS,,2021,
s320,Movie,Toy Story: That Time Forgot,Steve Purcell,2014,22
s321,Movie,700 Sharks,Luc Marescot,2018,45
s322,Movie,Big Sharks Rule,,2018,45
s323,Movie,Dr. Seuss' Horton Hears a Who!,"Jimmy Hayward, Steve Martino",2008,88
s324,Movie,Great Shark Chow Down,Mark Woodward,2019,45
s325,Movie,Mega Hammerhead,"Brandon Hill, Marc Ostrick",2016,43
s326,Movie,Burrow,Madeline Sharafian,2020,6
s327,TV Show,Cosmos: Possible Worlds,,2020,
s328,TV Show,Disney Gallery / Star Wars: The Mandalorian,,2020,
s329,Movie,Max Keeble's Big Move,Tim Hill,2001,88
s330,Movie,Soul,Pete Docter,2020,107
s331,Movie,Arendelle Castle Yule Log,,2020,180
s332,Movie,Buried Truth of the Maya,,2020,48
s333,TV Show,Disney Parks Sunrise Series,,2021,
s334,Movie,Dory's Reef Cam,Michal Makarewicz,2020,182
s335,Movie,Into the Woods,Rob Marshall,2014,126
s336,Movie,"Miraculous World: New York, United Heroez",Thomas Astruc,2020,60
s337,TV Show,On Pointe,,2020,
s338,TV Show,Wild Nordic,,2019,
s339,Movie,Disney Channel's Epic Holiday Showdown,,2020,50
s340,Movie,Disney Holiday Magic Quest,,2020,46
s341,Movie,Gender Revolution: A Journey With Katie Couric,,2017,93
s342,Movie,High School Musical: The Musical: The Holiday Special,,2020,46
s343,Movie,Ralph Breaks the Internet,"Rich Moore, Phil Johnston",2018,116
s344,Movie,Safety,Reginald Hudlin,2020,123
s345,Movie,Anastasia,"Don Bluth, Gary Goldman",1997,95
s346,Movie,Godmothered,Sharon Maguire,2020,113
s347,Movie,Man vs. Shark,,2019,45
s348,Movie,Mulan,Niki Caro,2020,117
s349,Movie,Sky High,Mike Mitchell,2005,101
s350,Movie,The Disney Holiday Singalong,,2020,45
s351,Movie,The Nutcracker and the Four Realms,"Lasse Hallström, Joe Johnston",2018,101
s352,Movie,"Alexander and the Terrible, Horrible, No Good, Very Bad Day",Miguel Arteta,2014,83
s353,Movie,Black Beauty,Ashley Avis,2020,111
s354,Movie,From Our Family to Yours,Angela Affinita,2020,3
s355,TV Show,Once Upon a Time in Wonderland,,2013,
s356,TV Show,Party Animals,,2016,
s357,Movie,Folklore: the long pond studio sessions,,2020,107
s358,TV Show,Bia,,2019,
s359,TV Show,Marvel's 616,,2020,
s360,Movie,Planes,Klay Hall,2013,94
s361,Movie,Planes: Fire & Rescue,Bobs Gannaway,2014,85
s362,Movie,The Real Right Stuff,,2020,90
s363,TV Show,The Wonderful World of Mickey Mouse,,2020,
s364,Movie,LEGO Star Wars Holiday Special,Ken Cunningham,2020,48
s365,Movie,Home Alone,Chris Columbus,1990,103
s366,Movie,Home Alone 2: Lost in New York,Chris Columbus,1992,121
s367,Movie,Home Alone 3,Raja Gosnell,1997,103
s368,TV Show,Inside Pixar,,2020,
s369,Movie,Petra: Secrets of the Ancient Builders,"Thierry Fessard, Yohann Thiriet",2019,45
s370,Movie,Ultimate Viking Sword,Peter Yost,2019,45
s371,Movie,Disney's A Christmas Carol,Robert Zemeckis,2009,97
s372,TV Show,Fancy Nancy (Shorts),,2019,
s373,TV Show,Goldie & Bear,,2015,
s374,Movie,Mr. Magoo,Stanley Tong,1997,88
s375,Movie,Prep & Landing,"Kevin Deters, Stevie Wermers-Skelton",2009,23
s376,Movie,Prep & Landing: Naughty vs. Nice,"Kevin Deters, Stevie Wermers-Skelton",2011,23
s377,Movie,Disney Channel Halloween House Party,Trevor Moore,2020,23
s378,TV Show,The Mandalorian,,2019,
s379,Movie,The Sorcerer's Apprentice,Jon Turteltaub,2010,111
s380,TV Show,X-Ray Earth,,2020,
s381,TV Show,Gathering Storm,,2020,
s382,TV Show,India From Above,,2019,
s383,TV Show,Marvel Super Hero Adventures,,2017,
s384,Movie,Once Upon a Snowman,"Dan Abraham, Trent Correy",2020,12
s385,Movie,Pompeii: Secrets Of The Dead,Ben Finney,2019,45
s386,Movie,Toy Story of Terror!,Angus MacLane,2013,22
s387,Movie,Beverly Hills Chihuahua,Raja Gosnell,2008,95
s388,Movie,Clouds,Justin Baldoni,2020,122
s389,Movie,Lost on Everest,Renan Ozturk,2020,60
s390,Movie,Marvel's Iron Man & Captain America: Heroes United,Leo Riley,2014,72
s391,TV Show,Meet The Chimps,,2020,
s392,TV Show,The Rocketeer,,2019,
s393,Movie,Oil Spill of The Century,,2019,45
s394,Movie,The Chronicles Of Narnia: The Voyage of the Dawn Treader,Michael Apted,2010,113
s395,TV Show,The Right Stuff,,2020,
s396,Movie,Wild Portugal,Christian Baumeister,2020,45
s397,Movie,X2,Bryan Singer,2003,134
s398,Movie,Mr. Holland's Opus,Stephen Herek,1996,143
s399,Movie,Disneynature Oceans,"Jacques Perrin, Jacques Cluzaud",2010,84
s400,Movie,Hidden Figures,Theodore Melfi,2016,128
s401,TV Show,Magic of Disney's Animal Kingdom,,2020,
s402,Movie,Secret Society of Second-Born Royals,,2020,99
s403,Movie,The Giant Robber Crab,Moritz Katz,2019,44
s404,TV Show,Wild Central America,,2020,
s405,TV Show,Ancient China from Above,,2020,
s406,TV Show,Becoming,,2020,
s407,TV Show,Coop & Cami Ask The World,,2018,
s408,TV Show,Europe from Above,,2019,
s409,Movie,Ever After: A Cinderella Story,Andy Tennant,1998,122
s410,TV Show,Kingdom of the Mummies,,2020,
s411,Movie,Morning Light,Mark Monroe,2008,99
s412,Movie,Notre Dame: Race Against The Inferno,"Fabrice Gardel, Simon Kessler, Josselin Mahot",2019,45
s413,TV Show,Once Upon a Time,,2011,
s414,TV Show,Soy Luna,,2015,
s415,TV Show,Violetta,,2011,
s416,Movie,Christopher Robin,Marc Forster,2018,109
s417,Movie,D2: The Mighty Ducks,Sam Weisman,1994,107
s418,Movie,D3: The Mighty Ducks,Robert Lieberman,1996,104
s419,TV Show,Earth to Ned,,2020,
s420,Movie,Trick or Treat,Jack Hannah,1952,9
s421,Movie,Alice Through the Looking Glass,James Bobin,2016,115
s422,Movie,Phineas and Ferb The Movie: Candace Against the Universe,,2020,86
s423,Movie,Back to the Titanic,,2020,44
s424,Movie,Beauty and the Beast,Bill Condon,2017,138
s425,Movie,Mars: One Day on the Red Planet,Martin Johnson,2020,88
s426,Movie,The One and Only Ivan,Thea Sharrock,2020,95
s427,TV Show,"Weirdest, Bestest, Truest",,2018,
s428,TV Show,Disney Junior T.O.T.S.: Calling All T.O.T.S. (Shorts),,2020,
s429,Movie,Disney Zombies 2,Paul Hoen,2020,84
s430,Movie,India's Wild Leopards,,2020,45
s431,TV Show,Jungle Animal Rescue,,2019,
s432,Movie,Magic Camp,Mark Waters,2020,101
s433,Movie,Marvel Studios' Ant-Man and the Wasp,Peyton Reed,2018,120
s434,TV Show,Nature Boom Time,,2016,
s435,TV Show,Sam's Zookeeper Challenge,,2018,
s436,TV Show,Scuba Sam's World,,2018,
s437,TV Show,Spaced Out,,2018,
s438,Movie,The Greatest Showman,Michael Gracey,2017,106
s439,TV Show,Weird But True!,,2017,
s440,TV Show,Wild Cats of India,,2020,
s441,Movie,Howard,Don Hahn,2020,95
s442,Movie,Prince of Persia: The Sands of Time,Mike Newell,2010,117
s443,Movie,Star Wars: Galaxy's Edge-Adventure Awaits,,2019,81
s444,Movie,The Hidden Kingdoms of China,"Ben Wallis, Emma Fraser, Jess Tombs",2020,88
s445,Movie,The Peanuts Movie,Steve Martino,2015,89
s446,TV Show,UFO Europe: The Untold Stories,,2012,
s447,TV Show,Animal Showdown,,2018,
s448,TV Show,Best Job Ever,,2018,
s449,Movie,Big Cat Games,Jeremy Turner,2015,44
s450,Movie,Black Is King,Beyoncé Knowles-Carter,2020,86
s451,Movie,Cradle of the Gods,Tim Conrad,2012,45
s452,TV Show,Destination World,,2018,
s453,TV Show,Fearless Adventures with Jack Randall,,2018,
s454,Movie,Hunt for the Abominable Snowman,Dan Oliver,2011,45
s455,Movie,Incredibles 2,Brad Bird,2018,118
s456,TV Show,King Fishers,,2013,
s457,Movie,Lost Temple of the Inca,Jim Aikman,2020,44
s458,TV Show,Marvel Funko Shorts,,2016,
s459,TV Show,Muppets Now,,2020,
s460,Movie,Surviving the Mount St. Helens Disaster,Sophie Harris,2020,44
s461,TV Show,What Sam Sees,,2018,
s462,Movie,Pirates of the Caribbean: Dead Men Tell No Tales,"Joachim Rønning, Espen Sandberg",2017,129
s463,TV Show,PJ Masks (Shorts),,2017,
s464,TV Show,Rogue Trip,,2020,
s465,TV Show,Wild Congo,,2014,
s466,TV Show,Wild Sri Lanka,,2016,
s467,Movie,A Pre-Opening Report from Disneyland,Wilfred Jackson,1955,55
s468,Movie,Diary of a Wimpy Kid: The Long Haul,David Bowers,2017,92
s469,TV Show,Disney Junior Music Lullabies,,2018,
s470,Movie,Lost City of Machu Picchu,,2019,44
s471,TV Show,Super Robot Monkey Team Hyperforce Go!,,2004,
s472,Movie,The Mouseketeers at Walt Disney World,John Tracy,1977,56
s473,TV Show,Wild Chile,,2017,
s474,Movie,X-Men: Apocalypse,Bryan Singer,2016,144
s475,TV Show,Cosmos: A Spacetime Odyssey,,2013,
s476,Movie,Hamilton: History Has Its Eyes on You,,2020,47
s477,Movie,Solo: A Star Wars Story,Ron Howard,2018,135
s478,Movie,X-Men: Days of Future Past,Bryan Singer,2014,132
s479,Movie,The Undefeated Presents: Hamilton In-Depth,,2020,33
s480,TV Show,Animal ER,,2016,
s481,Movie,Diary of a Wimpy Kid: Rodrick Rules,David Bowers,2011,100
s482,Movie,Hamilton,Thomas Kail,2020,160
s483,Movie,Ice Age: Collision Course,Mike Thurmeier,2016,97
s484,Movie,Race to Witch Mountain,Andy Fickman,2009,100
s485,Movie,The Big Green,Holly Sloan,1995,100
s486,Movie,The Mighty Ducks,Stephen Herek,1992,104
s487,Movie,While You Were Sleeping,Jon Turteltaub,1995,104
s488,TV Show,Disney A.N.T. Farm,,2011,
s489,TV Show,Into the Unknown: Making Frozen 2,,2020,
s490,Movie,Man in Space,Ward Kimball,1955,49
s491,Movie,Mars and Beyond,Ward Kimball,1957,53
s492,Movie,Marvel Studios' Avengers: Infinity War,"Anthony Russo, Joe Russo",2018,152
s493,Movie,Tarzan,"Kevin Lima, Chris Buck",1999,93
s494,Movie,Tarzan II,Brian Smith,2005,75
s495,TV Show,101 Dalmatians (Series),,1997,
s496,Movie,Big Sur: Wild California,,2010,47
s497,TV Show,Disney Junior Muppet Babies Play Date,,2018,
s498,Movie,Egypt's Treasure Guardians,"Ben Allen, Tom Jenner",2016,44
s499,Movie,The Jungle Book,Jon Favreau,2016,108
s500,Movie,The Pirate Fairy,Peggy Holmes,2014,78
s501,Movie,Trail Mix-Up,Barry Cook,1993,9
s502,Movie,Tummy Trouble,"Frank Marshall, Rob Minkoff",1989,8
s503,Movie,Artemis Fowl,Kenneth Branagh,2020,96
s504,TV Show,Mighty Med,,2013,
s505,Movie,The Liberty Story,"Hamilton Luske, Robert Stevenson",1957,48
s506,Movie,The Story of the Animated Drawing,"Wilfred Jackson, William Beaudine",1955,49
s507,Movie,Walt & El Grupo,Theodore Thomas,2009,108
s508,TV Show,Alaska's Grizzly Gauntlet,,2018,
s509,Movie,America's Greatest Animals,,2012,90
s510,Movie,Chasing the Equinox,Kenny Scott,2019,45
s511,TV Show,Howie Mandel's Animals Doing Things,,2017,
s512,TV Show,Japan: Between Earth and Sky,,2017,
s513,Movie,Percy Jackson & The Olympians: The Lightning Thief,Chris Columbus,2010,119
s514,TV Show,Secrets of Wild India,,2012,
s515,TV Show,The Greeks,,2016,
s516,TV Show,Wild Hawaii,,2014,
s517,Movie,Women Of Impact: Changing The World,,2019,44
s518,Movie,"Maggie Simpson in ""The Longest Daycare""",,2012,5
s519,Movie,Mickey and the Seal,Charles Nichols,1948,7
s520,TV Show,The Evermoor Chronicles,,2015,
s521,Movie,The Moon-Spinners,James Neilson,1964,119
s522,TV Show,Doc McStuffins,,2011,
s523,Movie,Fantastic Mr. Fox,Wes Anderson,2009,88
s524,Movie,"Hello, Dolly!",Gene Kelly,1969,147
s525,TV Show,Marvel's Future Avengers,,2017,
s526,Movie,Out,Steven Hunter,2020,12
s527,TV Show,The Big Fib,,2019,
s528,Movie,The Boys: The Sherman Brothers' Story,"Jeffrey Sherman, Gregory Sherman",2009,102
s529,TV Show,It's a Dog's Life with Bill Farmer,,2020,
s530,Movie,Maleficent: Mistress of Evil,Joachim Rønning,2019,121
s531,Movie,Star Wars: The Rise of Skywalker (Episode IX),J.J. Abrams,2019,142
s532,Movie,John Carter,Andrew Stanton,2012,134
s533,TV Show,Awesome Animals,,2017,
s534,TV Show,Birth of Europe,,2014,
s535,Movie,Bride of Boogedy,Oz Scott,1987,93
s536,TV Show,Buried Secrets Of The Bible With Albert Lin,,2019,
s537,TV Show,Disney Prop Culture,,2020,
s538,Movie,George of the Jungle,Sam Weisman,1997,93
s539,Movie,Homeward Bound II: Lost in San Francisco,David Ellis,1996,90
s540,Movie,Homeward Bound: The Incredible Journey,Duwayne Dunham,1993,85
s541,Movie,How to Play Baseball,Jack Kinney,1942,8
s542,Movie,In Beaver Valley,James Algar,1950,32
s543,TV Show,Lost Treasures Of Egypt,,2018,
s544,TV Show,Love & Vets,,2017,
s545,Movie,Nature's Half Acre,James Algar,1951,33
s546,TV Show,Prairie Dog Manor,,2019,
s547,Movie,Prowlers of the Everglades,James Algar,1953,32
s548,Movie,The Princess Bride,Rob Reiner,1987,99
s549,TV Show,United States Of Animals,,2015,
s550,TV Show,Unlikely Animal Friends,,2012,
s551,Movie,Water Birds,Ben Sharpsteen,1952,31
s552,Movie,National Treasure,Jon Turteltaub,2004,132
s553,Movie,Born Wild: The Next Generation,Liliana Olszewski,2020,44
s554,TV Show,America's Funniest Home Videos,,1989,
s555,Movie,The Olympic Elk,James Algar,1952,27
s556,TV Show,Tangled: The Series,,2016,
s557,Movie,Jane Goodall: The Hope,"Elizabeth Leiter, Kimberly Woodard",2020,89
s558,TV Show,Brain Games,,2011,
s559,TV Show,Disney Mickey and the Roadster Racers - Chip 'N' Dale's Nutty Tales (Shorts),,2017,
s560,Movie,Let's Stick Together,Jack Hannah,1952,7
s561,Movie,Pluto's Purchase,Charles Nichols,1948,7
s562,TV Show,Tron Uprising,,2011,
s563,Movie,A Celebration of the Music from Coco,Ron de Moraes,2020,48
s564,TV Show,Disney Playtime with Puppy Dog Pals (Shorts),,2017,
s565,Movie,"Maggie Simpson in ""Playdate with Destiny""",David Silverman,2020,5
s566,TV Show,Paradise Islands,,2017,
s567,TV Show,Tut's Treasures: Hidden Secrets,,2018,
s568,Movie,A Tale of Two Critters,Jack Speirs,1977,48
s569,Movie,All in a Nutshell,Jack Hannah,1949,7
s570,Movie,Disneynature Penguins,"Alastair Fothergill, Jeff Wilson",2019,77
s571,Movie,Diving with Dolphins,Keith Scholey,2020,79
s572,Movie,Dolphin Reef,Keith Scholey,2018,78
s573,Movie,Don's Fountain of Youth,Jack Hannah,1953,6
s574,Movie,Donald's Dog Laundry,Jack King,1940,9
s575,Movie,Double Dribble,Jack Hannah,1946,8
s576,Movie,Dragon Around,Jack Hannah,1954,7
s577,Movie,Elephant,Mark Linfield,2020,89
s578,Movie,Elmer Elephant,Wilfred Jaxon,1936,8
s579,TV Show,Fish Hooks,,2010,
s580,Movie,How To Play Football,Jack Kinney,1944,9
s581,Movie,In the Footsteps of Elephant,Vanessa Berlowitz,2020,88
s582,Movie,"Lambert, The Sheepish Lion",Jack Hannah,1952,8
s583,Movie,On Ice,Ben Sharpsteen,1935,9
s584,Movie,Onward,Dan Scanlon,2020,103
s585,Movie,Out of Scale,Jack Hannah,1951,8
s586,Movie,Penguins: Life on the Edge,"Alastair Fothergill, Jeff Wilson",2020,78
s587,Movie,Pluto's Party,Milt Schaffer,1952,8
s588,Movie,Sea Scouts,Dick Lundy,1939,8
s589,TV Show,Sonny With A Chance,,2008,
s590,Movie,The Boy Who Talked to Badgers,Gary Nelson,1975,90
s591,Movie,The New Neighbor,Jack Hannah,1953,7
s592,Movie,The Small One,Don Bluth,1978,25
s593,Movie,The Straight Story,David Lynch,1999,112
s594,Movie,Frankenweenie,Tim Burton,2012,88
s595,Movie,Mars Needs Moms,Simon Wells,2011,91
s596,Movie,Prom,Joe Nussbaum,2011,105
s597,Movie,The Last Song,Julie Robinson,2010,109
s598,Movie,The Odd Life of Timothy Green,Peter Hedges,2012,106
s599,TV Show,Be Our Chef,,2020,
s600,Movie,A Wrinkle in Time,Ava DuVernay,2018,112
s601,TV Show,Disney I Didn't Do It,,2013,
s602,TV Show,Disney Insider,,2020,
s603,TV Show,Disney Vampirina Ghoul Girls Rock! (Shorts),,2017,
s604,Movie,G-Force,Hoyt Yeatman IV,2009,92
s605,Movie,Frozen 2,"Chris Buck, Jennifer Lee",2019,107
s606,Movie,Stargirl,Julia Hart,2020,107
s607,Movie,The Finest Hours,Craig Gillespie,2016,119
s608,Movie,The Sandlot: Heading Home,William Dear,2007,97
s609,Movie,Bedtime Stories,Adam Shankman,2008,101
s610,Movie,Marvel Studios' Black Panther,Ryan Coogler,2018,137
s611,TV Show,101 Dalmatian Street,,2018,
s612,Movie,Disney Phineas and Ferb: Phineas and Ferb Star Wars,,2014,53
s613,TV Show,Shop Class,,2020,
s614,Movie,Viking Warrior Women,Stuart Strickson,2019,44
s615,TV Show,Star Wars Resistance,,2018,
s616,TV Show,Lost Cities With Albert Lin,,2019,
s617,Movie,Marvel Rising: Operation Shuri,Chris Rutkowski,2019,23
s618,Movie,Marvel Rising: Playing With Fire,Sol Choi,2019,45
s619,TV Show,Star Wars: The Clone Wars,,2008,
s620,Movie,Marvel's Iron Man & Hulk: Heroes United,Leo Riley,2013,74
s621,Movie,Because of Winn-Dixie,Wayne Wang,2005,107
s622,TV Show,Fairy Tale Weddings,,2017,
s623,Movie,"My Dog, the Thief",Robert Stevenson,1969,89
s624,Movie,Splash,Ron Howard,1984,110
s625,TV Show,That's So Raven,,2002,
s626,Movie,Timmy Failure: Mistakes Were Made,Tom McCarthy,2020,103
s627,Movie,Toy Story 4,Josh Cooley,2019,101
s628,Movie,Descendants 3,Kenny Ortega,2019,109
s629,Movie,Around the World in 80 Days,Frank Coraci,2004,121
s630,Movie,Big Business,Jim Abrahams,1988,98
s631,Movie,Lamp Life,Valerie LaPointe,2020,11
s632,Movie,The Lion King,Jon Favreau,2019,125
s633,TV Show,Diary of a Future President,,2020,
s634,TV Show,High School Musical: The Musical: The Series: The Sing-Along,,2019,
s635,TV Show,America's National Parks,,2015,
s636,TV Show,Continent 7: Antarctica,,2016,
s637,TV Show,Disney Randy Cunningham: 9th Grade Ninja,,2011,
s638,TV Show,Muppet Babies Show and Tell (Shorts),,2017,
s639,TV Show,The Lodge,,2016,
s640,TV Show,Wild Russia,,2018,
s641,Movie,Destino,Monfery Dominique,2003,6
s642,Movie,Forky Asks a Question: What is Reading?,Bob Peterson,2020,7
s643,Movie,Loop,Erica Milsom,2020,12
s644,TV Show,Marvel's Runaways,,2017,
s645,Movie,Aladdin (2019),Guy Ritchie,2019,135
s646,Movie,Forky Asks a Question: What is Cheese?,Bob Peterson,2020,6
s647,TV Show,Austin & Ally,,2011,
s648,TV Show,Billy Dilley's Super-Duper Subterranean Summer,,2016,
s649,Movie,Cars Toon: El Materdor,John Lasseter,2008,4
s650,Movie,Cars Toon: Moon Mater,Rob Gibbs,2010,4
s651,Movie,Cars Toon: Rescue Squad Mater,John Lasseter,2010,3
s652,Movie,Cars Toon: Spinning,Jeremy Lasky,2013,2
s653,Movie,Cars Toon: Time Travel Mater,Rob Gibbs,2012,7
s654,Movie,Cars Toon: Tokyo Mater,John Lasseter,2008,8
s655,Movie,Cars Toon: Unidentified Flying Mater,John Lasseter,2010,4
s656,Movie,Cars Toons: Bugged,Jeremy Lasky,2013,2
s657,Movie,Cool Runnings,Jon Turteltaub,1993,99
s658,Movie,Drain Alcatraz,Wayne Abbott,2017,47
s659,Movie,Drain The Bermuda Triangle,Jobim Sampson,2014,45
s660,Movie,Drain The Great Lakes,"Crispin Sadler, Wayne Abbott",2011,45
s661,Movie,Drain The Ocean: WWII,Mike Slee,2016,44
s662,Movie,Drain The Sunken Pirate City,Sophie Harris,2017,48
s663,Movie,Drain The Titanic,Jobim Sampson,2015,45
s664,TV Show,First Class Chefs: Family Style,,2015,
s665,Movie,Hacksaw,Larry Lansburgh,1971,89
s666,Movie,Holes,Andrew Davis,2003,119
s667,Movie,Marvel 75 Years: From Pulp to Pop!,Zak Knutson,2014,42
s668,Movie,Marvel Rising: Battle of The Bands,,2019,23
s669,TV Show,One Strange Rock,,2017,
s670,TV Show,Out There with Jack Randall,,2019,
s671,Movie,Super Rhino,Nathan Greno,2009,4
s672,TV Show,The Proud Family,,2001,
s673,TV Show,The Super Hero Squad,,2009,
s674,TV Show,Year Million,,2016,
s675,Movie,Forky Asks a Question: What is a Pet?,Bob Peterson,2019,7
s676,Movie,Star Wars: The Last Jedi (Episode VIII),Rian Johnson,2017,152
s677,Movie,Forky Asks a Question: What is a Leader?,Bob Peterson,2019,6
s678,Movie,George of the Jungle 2,David Grossman,2003,89
s679,Movie,High School Musical: The Musical: The Series: The Special,Clayton Cogswell,2019,23
s680,TV Show,Pick of the Litter,,2019,
s681,Movie,Togo,Ericson Core,2019,117
s682,Movie,Forky Asks a Question: What is a Computer?,Bob Peterson,2019,6
s683,Movie,Wind,Edwin Chang,2019,9
s684,Movie,Forky Asks a Question: What is Love?,Bob Peterson,2019,7
s685,TV Show,One Day at Disney (Shorts),,2019,
s686,Movie,Marvel Studios' Thor: Ragnarok,Taika Waititi,2017,132
s687,TV Show,Disney The Lion Guard,,2015,
s688,Movie,One Day at Disney,Fritz Mitchell,2019,62
s689,TV Show,Disney Star vs. the Forces of Evil,,2014,
s690,Movie,Expedition Amelia,Chad Cohen,2019,94
s691,Movie,Glory Road,James Gartner,2006,119
s692,TV Show,Henry Hugglemonster,,2012,
s693,Movie,Incredible! The Story of Dr. Pol,,2015,44
s694,Movie,Marvel Rising: Chasing Ghosts,,2019,24
s695,Movie,Marvel Rising: Heart of Iron,,2019,46
s696,TV Show,Miles From Tomorrowland,,2014,
s697,TV Show,Sheriff Callie's Wild West,,2011,
s698,TV Show,Supercar Megabuild,,2016,
s699,Movie,The Incredible Dr. Pol: Blue Ribbon Kids,,2016,42
s700,Movie,Coco,Lee Unkrich,2017,105
s701,Movie,Coco (in Spanish),Lee Unkrich,2017,105
s702,Movie,Forky Asks a Question: What is Time?,Bob Peterson,2019,6
s703,Movie,The Wonderful World of Disney Presents The Little Mermaid Live!,Hamish Hamilton,2019,84
s704,Movie,Forky Asks a Question: What is Art?,Bob Peterson,2019,7
s705,TV Show,Mickey Mouse Roadster Racers,,2017,
s706,Movie,"Happy Birthday, Mickey!",,2019,2
s707,Movie,Forky Asks a Question: What is a Friend?,Bob Peterson,2019,6
s708,Movie,10 Things I Hate About You,Gil Junger,1999,98
s709,Movie,101 Dalmatians,"Wolfgang Reitherman, Hamilton Luske, Clyde Geronimi",1961,81
s710,Movie,101 Dalmatians II: Patch's London Adventure,"Jim Kammerud, Brian Smith",2003,77
s711,Movie,102 Dalmatians,Kevin Lima,2000,104
s712,Movie,12 Dates of Christmas,James Hayman,2011,88
s713,Movie,"20,000 Leagues Under the Sea",Richard Fleischer,1954,127
s714,Movie,A Bug's Life,John Lasseter,1998,98
s715,Movie,A Goofy Movie,Kevin Lima,1995,81
s716,Movie,A Kid in King Arthur's Court,Michael Gottlieb,1995,90
s717,Movie,A Knight for a Day,Jack Hannah,1946,7
s718,Movie,A Ring of Endless Light,Greg Beeman,2002,88
s719,Movie,Aladdin (1992),"Ron Clements, John Musker",1992,94
s720,Movie,Aladdin and the King of Thieves,Tad Stones,1996,86
s721,Movie,Aladdin: The Return of Jafar,"Toby Shelton, Tad Stones, Alan Zaslove",1994,71
s722,Movie,Alice in Wonderland,"Clyde Geronimi, Hamilton Luske, Wilfred Jackson",1951,79
s723,Movie,Aliens of the Deep,"James Cameron, Steven Quale",2005,100
s724,Movie,Alley Cats Strike!,Rod Daniel,2000,87
s725,Movie,Almost Angels,Steve Previn,1962,90
s726,Movie,America's Heart & Soul,Louie Schwartzberg,2004,88
s727,Movie,Amy,Vincent McEveety,1981,100
s728,Movie,An Extremely Goofy Movie,Douglas McCarthy,2000,81
s729,TV Show,Andi Mack,,2016,
s730,Movie,Annie,Rob Marshall,1999,91
s731,Movie,Apollo: Missions To The Moon,Tom Jennings,2019,95
s732,Movie,Atlantis Rising,Simcha Jacobovici,2017,94
s733,Movie,Atlantis: Milo's Return,"Tad Stones, Toby Shelton, Victor Cook",2003,83
s734,Movie,Atlantis: The Lost Empire,"Gary Trousdale, Kirk Wise",2001,98
s735,Movie,Auntie Edna,Ted Mathot,2018,7
s736,Movie,Avatar,James Cameron,2009,162
s737,Movie,Babes in the Woods,Burt Gillett,1932,8
s738,Movie,Babes in Toyland,Jack Donohue,1961,106
s739,Movie,Bambi,David Hand,1942,72
s740,Movie,Bambi II,Brian Pimental,2006,75
s741,Movie,Bao,Domee Shi,2018,8
s742,Movie,Beach Picnic,Clyde Geronimi,1939,9
s743,Movie,Bearly Asleep,Jack Hannah,1955,7
s744,Movie,Beauty and the Beast: Belle's Magical World,Bob Kline,1998,71
s745,Movie,Beauty and the Beast: The Enchanted Christmas,Andy Knight,1997,73
s746,Movie,Beezy Bear,Jack Hannah,1955,7
s747,Movie,Before the Flood,Fisher Stevens,2016,96
s748,Movie,Benji the Hunted,Joe Camp,1987,89
s749,TV Show,Best Friends Whenever,,2015,
s750,TV Show,Big City Greens (Shorts),,2017,
s751,Movie,Big Hero 6,"Don Hall, Chris Williams",2014,105
s752,TV Show,Big Hero 6 The Series (Shorts),,2017,
s753,Movie,Bizarre Dinosaurs,Jenny Kubo,2009,46
s754,Movie,Blank Check,Rupert Wainwright,1994,94
s755,Movie,Boat Builders,Ben Sharpsteen,1938,8
s756,Movie,Bolt,"Chris Williams, Byron Howard",2008,98
s757,Movie,Bone Bandit,Charles Nichols,1948,7
s758,TV Show,Bonkers,,1993,
s759,Movie,Boundin',Bud Luckey,2004,6
s760,TV Show,Boy Meets World,,1993,
s761,Movie,Brave,"Mark Andrews, Brenda Chapman",2012,94
s762,Movie,Brave Little Toaster to the Rescue,Robert Ramirez,1999,75
s763,Movie,Breaking2,Martin Roe,2017,55
s764,Movie,Brink!,Greg Beeman,1998,90
s765,Movie,Brother Bear,"Aaron Blaise, Robert Walker",2003,90
s766,Movie,Brother Bear 2,Benjamin Gluck,2006,78
s767,Movie,Buffalo Dreams,David Jackson,2005,90
s768,TV Show,Bug Juice: My Adventures at Camp,,2017,
s769,Movie,BURN-E,Angus MacLane,2008,8
s770,Movie,Cadet Kelly,Larry Shaw,2002,100
s771,Movie,Camp Nowhere,Jonathan Prince,1994,96
s772,Movie,Camp Rock,Matthew Diamond,2008,96
s773,Movie,Camp Rock 2: The Final Jam,Paul Hoen,2010,101
s774,Movie,Can of Worms,Paul Schneider,1999,84
s775,Movie,Candleshoe,Norman Tokar,1978,101
s776,Movie,Canine Caddy,Clyde Geronimi,1941,8
s777,Movie,Cars,John Lasseter,2006,117
s778,Movie,Cars 2,John Lasseter,2011,107
s779,Movie,Cars 3,Brian Fee,2017,103
s780,Movie,Cars Toon: Air Mater,Rob Gibbs,2011,5
s781,Movie,Cars Toon: Heavy Metal Mater,John Lasseter,2010,5
s782,Movie,Cars Toon: Hiccups,Jeremy Lasky,2013,3
s783,Movie,Cars Toon: Mater Private Eye,Rob Gibbs,2010,6
s784,Movie,Cars Toon: Mater the Greater,John Lasseter,2008,5
s785,Movie,Cars Toon: Monster Truck Mater,John Lasseter,2010,6
s786,Movie,Cars Toon: The Radiator Springs 500 1/2,"Rob Gibbs, Scott Morse",2014,6
s787,Movie,Casebusters,Wes Craven,1986,46
s788,Movie,Cheetah,Jeff Blyth,1989,84
s789,Movie,Chef Donald,Jack King,1941,8
s790,Movie,Chicken Little,Mark Dindal,2005,84
s791,TV Show,Chip 'n Dale's Rescue Rangers,,1989,
s792,Movie,Chip an' Dale,Jack Hannah,1947,7
s793,Movie,Cinderella,"Wilfred Jackson, Hamilton Luske, Clyde Geronimi",1950,77
s794,Movie,Cinderella II: Dreams Come True,John Kafka,2002,77
s795,Movie,Cinderella III: A Twist in Time,Frank Nissen,2007,79
s796,Movie,Clock Cleaners,Ben Sharpsteen,1937,9
s797,Movie,Cloud 9,Paul Hoen,2014,89
s798,Movie,College Road Trip,Roger Kumble,2008,84
s799,Movie,Confessions of a Teenage Drama Queen,Sara Sugarman,2004,91
s800,TV Show,Coop & Cami Ask The World (Shorts),,2018,
s801,Movie,Corn Chips,Jack Hannah,1951,7
s802,Movie,Cow Belles,Francine McDougall,2006,91
s803,TV Show,Crash & Bernstein,,2012,
s804,Movie,Dadnapped,Paul Hoen,2009,85
s805,Movie,Darby O'Gill and the Little People,Robert Stevenson,1959,91
s806,TV Show,Darkwing Duck,,1991,
s807,Movie,Davy Crockett and the River Pirates,Norman Foster,1956,81
s808,Movie,"Davy Crockett, King of the Wild Frontier",Norman Foster,1955,93
s809,Movie,Day & Night,Teddy Newton,2010,8
s810,Movie,Decorating Disney: Holiday Magic,,2017,42
s811,Movie,Deep Blue,"Alastair Fothergill, Andy Byatt",2005,91
s812,Movie,Descendants 2,Kenny Ortega,2017,114
s813,Movie,Diary Of A Wimpy Kid,Thor Freudenthal,2010,93
s814,Movie,Dinosaur,"Ralph Zondag, Eric Leighton",2000,84
s815,Movie,Disney Adventures in Babysitting,John Schultz,2016,95
s816,Movie,Disney Avalon High,Stuart Gillard,2010,91
s817,Movie,Disney Bad Hair Day,Érik Canuel,2015,93
s818,TV Show,Disney Bizaardvark,,2015,
s819,Movie,Disney Den Brother,Mark Taylor,2010,90
s820,Movie,Disney Descendants,Kenny Ortega,2015,114
s821,TV Show,Disney Descendants Wicked World (Shorts),,2015,
s822,TV Show,Disney DuckTales (Shorts),,2016,
s823,TV Show,Disney Evermoor,,2017,
s824,TV Show,Disney Family Sundays,,2019,
s825,TV Show,Disney Fast Layne,,2018,
s826,Movie,Disney Girl vs. Monster,Stuart Gillard,2012,90
s827,TV Show,Disney Gravity Falls,,2011,
s828,TV Show,Disney Gravity Falls (Shorts),,2012,
s829,TV Show,Disney Jake and the Never Land Pirates,,2010,
s830,TV Show,Disney JONAS,,2008,
s831,TV Show,Disney Junior Music Nursery Rhymes,,2017,
s832,TV Show,Disney K.C. Undercover,,2014,
s833,TV Show,Disney Lab Rats: Elite Force,,2015,
s834,TV Show,Disney Legend of the Three Caballeros,,2017,
s835,TV Show,Disney Mickey Mouse Clubhouse,,2005,
s836,TV Show,Disney Milo Murphy's Law,,2016,
s837,TV Show,Disney Minnie's Bow-Toons (Shorts),,2011,
s838,TV Show,Disney Stuck In The Middle,,2015,
s839,TV Show,Disney Take Two With Phineas And Ferb (Shorts),,2010,
s840,TV Show,Disney Tangled: The Series - Short Cuts,,2016,
s841,Movie,Disney Under The Sea: A Descendants Short Story,Hasraf Dulull,2018,10
s842,TV Show,Disney's Adventures Of The Gummi Bears,,1985,
s843,TV Show,Disney's Doug,,1996,
s844,Movie,Disney's Fairy Tale Weddings,Chris Wilson,2017,64
s845,Movie,Disney's Fairy Tale Weddings: Holiday Magic,Chris Wilson,2017,42
s846,TV Show,Disney's Hercules: The Animated Series,,1998,
s847,TV Show,Disney's Kim Possible,,2001,
s848,TV Show,Disney's Little Einsteins,,2005,
s849,TV Show,Disney's Mighty Ducks,,1996,
s850,TV Show,Disney's Recess,,1997,
s851,TV Show,Disney's The Emperor's New School,,2005,
s852,Movie,Disney's The Kid,Jon Turteltaub,2000,105
s853,TV Show,Disney's The Little Mermaid (Series),,1992,
s854,Movie,Disneyland Around the Seasons (Walt Disney's Wonderful World of Color: 1961-69),Hamilton Luske,1966,51
s855,Movie,Disneynature African Cats,Keith Scholey,2011,90
s856,Movie,Disneynature Bears,"Alastair Fothergill, Keith Scholey",2014,78
s857,Movie,Disneynature Born in China,Lu Chuan,2017,81
s858,Movie,Disneynature Chimpanzee,"Alastair Fothergill, Mark Linfield",2012,79
s859,Movie,Disneynature Crimson Wing,"Matthew Aeberhard, Leander Ward",2008,78
s860,Movie,Disneynature Monkey Kingdom,Mark Linfield,2015,82
s861,Movie,Disneynature Wings of Life,Louie Schwartzberg,2011,81
s862,TV Show,Dog Whisperer with Cesar Millan,,2004,
s863,Movie,Don't Look Under the Bed,Kenneth Johnson,1999,93
s864,Movie,Donald's Golf Game,Jack King,1938,8
s865,Movie,Donald's Tire Trouble,Dick Lundy,1943,8
s866,Movie,Double Teamed,Duwayne Dunham,2002,93
s867,Movie,Doug's 1st Movie,Maurice Joyce,1999,80
s868,TV Show,"Dr. T, Lone Star Vet",,2019,
s869,Movie,DuckTales The Movie: Treasure of the Lost Lamp,Bob Hathcock,1990,75
s870,Movie,Dug's Special Mission,Ronnie Del Carmen,2009,6
s871,Movie,Dumbo,Tim Burton,2019,117
s872,Movie,Early to Bed,Jack Kinney,1941,9
s873,Movie,Earth Live,Glenn Weiss,2017,94
s874,Movie,Easter Island Unsolved,Geoff Luck,2018,45
s875,Movie,Eddie's Million Dollar Cook-off,Paul Hoen,2003,86
s876,Movie,Eight Below,Frank Marshall,2006,122
s877,TV Show,Elena of Avalor (Shorts),,2017,
s878,Movie,Emil and the Detectives,Peter Tewksbury,1964,98
s879,Movie,Empire of Dreams: The Story of the Star Wars Trilogy,"Edith Becker, Kevin Burns",2004,151
s880,TV Show,Encore!,,2019,
s881,Movie,Escape to Witch Mountain,John Hough,1975,98
s882,TV Show,Even Stevens,,2000,
s883,Movie,Expedition Mars: Spirit & Opportunity,Mark Davis,2019,88
s884,Movie,Fantasia,"Samuel Armstrong, James Algar, Bill Roberts",1940,126
s885,Movie,Fantasia 2000,"Pixote Hunt, Hendel Butoy, Eric Goldberg",2000,76
s886,TV Show,Fantastic Four (Series),,1994,
s887,TV Show,Fantastic Four: World's Greatest Heroes,,2007,
s888,Movie,Ferdinand the Bull,Dick Rickard,1938,8
s889,Movie,Finding Dory,"Andrew Stanton, Angus MacLane",2016,98
s890,Movie,Finding Nemo,Andrew Stanton,2003,103
s891,Movie,First Kid,David Evans,1996,102
s892,Movie,Flight of the Navigator,Randal Kleiser,1986,90
s893,Movie,Float,Bobby Rubio,2019,10
s894,Movie,Flowers and Trees,Burt Gillett,1932,8
s895,Movie,Flubber,Les Mayfield,1997,96
s896,Movie,Food for Feudin',Charles Nichols,1950,7
s897,Movie,For the Birds,Ralph Eggleston,2001,4
s898,Movie,Forky Asks a Question: What is Money?,Bob Peterson,2019,6
s899,Movie,Frank and Ollie,Theodore Thomas,1995,89
s900,Movie,Frankenweenie (Short),Tim Burton,1984,27
s901,Movie,Freaky Friday,Mark Waters,2003,98
s902,Movie,Free Solo,"Elizabeth Vasarhelyi, Jimmy Chin",2018,101
s903,Movie,Frenemies,Daisy Mayer,2012,88
s904,Movie,Frozen,"Chris Buck, Jennifer Lee",2013,105
s905,Movie,Full-Court Miracle,Stuart Gillard,2003,95
s906,Movie,Fun and Fancy Free,"Jack Kinney, W. Roberts, Hamilton Luske",1947,74
s907,Movie,Fuzzbucket,Mick Garris,1986,46
s908,TV Show,Gargoyles,,1994,
s909,Movie,Geek Charming,Jeffrey Hornaday,2011,99
s910,Movie,Genius,Rod Daniel,1999,86
s911,Movie,George & A.J.,Josh Cooley,2009,4
s912,Movie,Geri's Game,Jan Pinkava,1997,5
s913,Movie,Get a Clue,Maggie Greenwald,2002,84
s914,Movie,Giants of the Deep Blue,Ken Corben,2018,45
s915,TV Show,Girl Meets World,,2013,
s916,Movie,Go Figure,Francine McDougall,2005,89
s917,Movie,Going to the Mat,Stuart Gillard,2004,92
s918,TV Show,Good Luck Charlie,,2009,
s919,Movie,"Good Luck Charlie, It's Christmas!",Arlene Sanford,2011,82
s920,TV Show,Goof Troop,,1992,
s921,Movie,Gotta Kick it Up,Ramon Menendez,2002,85
s922,Movie,Grand Canyonscope,C. Nichols,1954,7
s923,Movie,Grasshopper and the Ants,Wilfred Jackson,1934,8
s924,TV Show,Great Migrations,,2010,
s925,Movie,Greyfriars Bobby,Don Chaffey,1961,91
s926,Movie,Gus,Vincent McEveety,1976,97
s927,Movie,Halloweentown,Duwayne Dunham,1998,84
s928,Movie,Halloweentown High,Mark Dippé,2004,83
s929,Movie,Halloweentown II: Kalabar's Revenge,Mary Lambert,2001,81
s930,TV Show,Handy Manny,,2006,
s931,TV Show,Hannah Montana,,2005,
s932,Movie,Hannah Montana and Miley Cyrus: Best of Both Worlds Concert,Bruce Hendricks,2008,83
s933,Movie,Hannah Montana The Movie,Peter Chelsom,2009,105
s934,Movie,Hatching Pete,Stuart Gillard,2009,90
s935,Movie,Hawaiian Holiday,Ben Sharpsteen,1937,9
s936,Movie,Heavyweights,Steven Brill,1995,98
s937,Movie,Herbie Goes Bananas,Vincent McEveety,1980,93
s938,Movie,Herbie Goes to Monte Carlo,Vincent McEveety,1977,105
s939,Movie,Herbie Rides Again,Robert Stevenson,1974,89
s940,Movie,Hercules,"John Musker, Ron Clements",1997,98
s941,Movie,High School Musical,Kenny Ortega,2006,100
s942,Movie,High School Musical 2,Kenny Ortega,2007,114
s943,Movie,High School Musical 3: Senior Year,Kenny Ortega,2008,121
s944,TV Show,High School Musical: The Musical: The Series,,2019,
s945,Movie,Hocus Pocus,Kenny Ortega,1993,96
s946,Movie,Home on the Range,"Will Finn, John Sanford",2004,82
s947,Movie,"Honey, I Blew Up the Kid",Randal Kleiser,1992,90
s948,Movie,"Honey, I Shrunk the Kids",Joe Johnston,1989,94
s949,Movie,"Honey, We Shrunk Ourselves",Dean Cundey,1997,76
s950,Movie,Horse Sense,Greg Beeman,1999,92
s951,TV Show,Hostile Planet,,2019,
s952,Movie,Hounded,Neal Israel,2001,92
s953,Movie,How Dogs Got Their Shapes,,2016,44
s954,Movie,How to Build a Better Boy,Paul Hoen,2014,94
s955,Movie,How to Fish,Jack Kinney,1942,7
s956,Movie,How to Swim,Jack Kinney,1942,8
s957,TV Show,Hulk and the Agents of S.M.A.S.H.,,2012,
s958,Movie,I'll Be Home for Christmas,Arlene Sanford,1998,87
s959,Movie,Ice Age: The Great Egg-Scapade,Ricardo Curtis,2016,26
s960,Movie,Ice Princess,Tim Fywell,2005,99
s961,Movie,Inner Workings,Leo Matsuda,2016,6
s962,Movie,Inside Out,Pete Docter,2015,95
s963,Movie,Inspector Gadget,David Kellogg,1999,80
s964,Movie,Inspector Gadget 2,Alex Zamm,2003,90
s965,Movie,Into the Grand Canyon,Pete McBride,2019,82
s966,Movie,Into the Okavango,Neil Gelinas,2018,94
s967,Movie,Invincible,Ericson Core,2006,105
s968,Movie,Invisible Sister,Paul Hoen,2015,79
s969,TV Show,Iron Man (Series),,1994,
s970,TV Show,Iron Man Armored Adventures,,2008,
s971,Movie,Iron Will,Charles Haid,1994,109
s972,Movie,Jack,Francis Coppola,1996,113
s973,Movie,Jack-Jack Attack,Brad Bird,2005,6
s974,Movie,James and the Giant Peach,Henry Selick,1996,81
s975,Movie,Jane,Brett Morgen,2017,90
s976,TV Show,Jessie,,2011,
s977,Movie,Jingle Pols,,2013,45
s978,Movie,Johnny Kapahala: Back on Board,Eric Bross,2007,93
s979,Movie,Johnny Tsunami,Steve Boyum,1999,92
s980,Movie,Jonas Brothers: The Concert Experience,Bruce Hendricks,2009,89
s981,Movie,Journey to Shark Eden,,2010,47
s982,Movie,Journey to the Center of the Earth,Henry Levin,1959,130
s983,Movie,Jump In!,Paul Hoen,2007,86
s984,Movie,Jumping Ship,Michael Lange,2001,93
s985,Movie,Jungle 2 Jungle,John Pasquin,1997,105
s986,Movie,Jungle Cat,James Algar,1960,70
s987,Movie,Kazaam,Paul Glaser,1996,94
s988,TV Show,Kickin' It,,2010,
s989,Movie,Kim Possible,"Adam Stein, Zach Lipovsky",2019,88
s990,Movie,Kim Possible Movie: So the Drama,Steve Loter,2005,70
s991,Movie,Kingdom of the Apes: Battle Lines,,2017,44
s992,Movie,Kingdom of the Blue Whale,,2009,94
s993,TV Show,Kingdom of the White Wolf,,2019,
s994,Movie,Kitbull,Rosana Sullivan,2019,9
s995,Movie,Knick Knack Theatrical Short,John Lasseter,2003,4
s996,Movie,Kronk's New Groove,"Elliot Bour, Saul Blinkoff",2005,78
s997,Movie,La Luna,Enrico Casarosa,2012,7
s998,TV Show,Lab Rats,,2011,
s999,Movie,Lady and the Tramp,Charlie Bean,2019,111
s1000,Movie,Lava,James Murphy,2015,9
s1001,TV Show,LEGO Disney Frozen: Northern Lights (Shorts),,2016,
s1002,TV Show,LEGO Star Wars: All Stars,,2018,
s1003,TV Show,LEGO Star Wars: All Stars (Shorts),,2018,
s1004,TV Show,LEGO Star Wars: Droid Tales,,2014,
s1005,TV Show,LEGO Star Wars: Resistance Rises (Shorts),,2015,
s1006,TV Show,LEGO Star Wars: The Freemaker Adventures,,2015,
s1007,TV Show,LEGO Star Wars: The Freemaker Adventures (Shorts),,2016,
s1008,Movie,LEGO Star Wars: The New Yoda Chronicles - Clash of the Skywalkers,Michael Hegner,2014,24
s1009,Movie,LEGO Star Wars: The New Yoda Chronicles - Raid on Coruscant,Michael Hegner,2014,24
s1010,Movie,LEGO Star Wars: The New Yoda Chronicles – Duel of the Skywalkers,Michael Hegner,2014,24
s1011,Movie,LEGO Star Wars: The New Yoda Chronicles – Escape from the Jedi Temple,Michael Hegner,2014,24
s1012,Movie,LEGO Star Wars: The New Yoda Chronicles – Race for the Holocrons,Michael Hegner,2014,24
s1013,Movie,Lemonade Mouth,Patricia Riggen,2011,110
s1014,Movie,Lend a Paw,Clyde Geronimi,1941,8
s1015,Movie,Leroy & Stitch,"Roberts Gannaway, Tony Craig",2006,76
s1016,Movie,Let it Shine,Paul Hoen,2012,103
s1017,Movie,Life is Ruff,Charles Haid,2005,85
s1018,Movie,Life With Mikey,James Lapine,1993,92
s1019,Movie,Life-Size 2,Steven Tsuchida,2018,82
s1020,Movie,Lifted,Gary Rydstrom,2006,5
s1021,Movie,Lilo & Stitch,"Christopher Sanders, Dean DeBlois",2002,86
s1022,Movie,Lilo & Stitch 2: Stitch Has a Glitch,"Tony Leondis, Michael LaBash",2005,70
s1023,TV Show,Lizzie McGuire,,2000,
s1024,Movie,Lonesome Ghosts,Burt Gillett,1937,9
s1025,TV Show,Lost Treasures of the Maya,,2018,
s1026,Movie,Lou,Dave Mullins,2017,7
s1027,Movie,Luck of the Irish,Paul Hoen,2001,86
s1028,Movie,Luxo Jr.,,1986,2
s1029,Movie,Magician Mickey,David Hand,1937,8
s1030,Movie,Mail Dog,Charles Nichols,1947,7
s1031,Movie,Man Among Cheetahs,,2017,44
s1032,Movie,Mars: Inside SpaceX,Julia Reagan,2018,47
s1033,TV Show,Marvel Comics X-Men,,1992,
s1034,TV Show,Marvel Rising: Initiation (Shorts),,2017,
s1035,Movie,Marvel Rising: Secret Warriors,Alfred Gimeno,2018,80
s1036,Movie,Marvel Studios: Assembling A Universe,,2014,43
s1037,Movie,Marvel Studios: Expanding the Universe,,2019,13
s1038,Movie,Marvel Studios' Ant-Man,Peyton Reed,2015,119
s1039,Movie,Marvel Studios' Avengers: Age of Ultron,Joss Whedon,2015,143
s1040,Movie,Marvel Studios' Avengers: Endgame,"Anthony Russo, Joe Russo",2019,183
s1041,Movie,Marvel Studios' Captain America: Civil War,"Anthony Russo, Joe Russo",2016,150
s1042,Movie,Marvel Studios' Captain America: The First Avenger,Joe Johnston,2011,126
s1043,Movie,Marvel Studios' Captain America: The Winter Soldier,"Anthony Russo, Joe Russo",2014,138
s1044,Movie,Marvel Studios' Captain Marvel,"Anna Boden, Ryan Fleck",2019,126
s1045,Movie,Marvel Studios' Doctor Strange,Scott Derrickson,2016,116
s1046,Movie,Marvel Studios' Guardians of the Galaxy,James Gunn,2014,122
s1047,Movie,Marvel Studios' Guardians of the Galaxy Vol. 2,James Gunn,2017,137
s1048,Movie,Marvel Studios' Iron Man,Jon Favreau,2008,127
s1049,Movie,Marvel Studios' Iron Man 2,Jon Favreau,2010,125
s1050,Movie,Marvel Studios' Iron Man 3,Shane Black,2013,132
s1051,Movie,Marvel Studios' The Avengers,Joss Whedon,2012,145
s1052,Movie,Marvel Studios' Thor,Kenneth Branagh,2011,116
s1053,Movie,Marvel Studios' Thor: The Dark World,Alan Taylor,2013,114
s1054,TV Show,Marvel Ultimate Spider-Man,,2011,
s1055,TV Show,Marvel's Agent Carter,,2014,
s1056,TV Show,Marvel's Ant-Man (Shorts),,2016,
s1057,TV Show,Marvel's Avengers Assemble,,2012,
s1058,TV Show,Marvel's Avengers: Secret Wars (Shorts),,2016,
s1059,TV Show,Marvel's Guardians of the Galaxy (Series),,2015,
s1060,TV Show,Marvel's Guardians of the Galaxy (Shorts),,2014,
s1061,TV Show,Marvel's Hero Project,,2019,
s1062,TV Show,Marvel's Inhumans,,2017,
s1063,TV Show,Marvel's Rocket & Groot (Shorts),,2016,
s1064,TV Show,Marvel's Ultimate Comics,,2016,
s1065,Movie,Mary Poppins,Robert Stevenson,1964,142
s1066,Movie,Mater and the Ghostlight,John Lasseter,2006,8
s1067,Movie,Meet the Deedles,Steve Boyum,1998,94
s1068,Movie,Meet the Robinsons,Stephen Anderson,2007,97
s1069,Movie,Melody Time,"Clyde Geronimi, Jack Kinney, Hamilton Luske",1948,76
s1070,Movie,Mickey Down Under,Charles Nichols,1948,7
s1071,TV Show,Mickey Mouse (Shorts),,2012,
s1072,TV Show,Mickey Mouse Club (1955-59),,1955,
s1073,Movie,"Mickey, Donald, Goofy: The Three Musketeers",Donovan Cook,2004,71
s1074,Movie,Mickey's Birthday Party,Riley Thomson,1942,9
s1075,Movie,Mickey's Christmas Carol,Burny Mattinson,1983,26
s1076,Movie,Mickey's Delayed Date,Charles Nichols,1947,7
s1077,Movie,Mickey's Once Upon a Christmas,"Bradley Raymond, Jun Falkenstein, Bill Speers",1999,67
s1078,Movie,Mickey's Rival,"Wilfred Jackson, Walt Disney",1936,9
s1079,Movie,Mickey's Trailer,Ben Sharpsteen,1938,8
s1080,Movie,Mickey's Twice Upon a Christmas,Matthew O'Callaghan,2004,70
s1081,Movie,Mighty Joe Young,Ron Underwood,1998,116
s1082,Movie,Mike's New Car,"Pete Docter, Roger Gould",2002,5
s1083,Movie,Minutemen,Lev Spiro,2008,91
s1084,Movie,Miracle,Gavin O'Connor,2004,137
s1085,Movie,Miracle at Midnight,Ken Cameron,1998,89
s1086,Movie,Miracle in Lane 2,Greg Beeman,2000,90
s1087,Movie,Miracle Landing on the Hudson,,2014,44
s1088,Movie,Mission to the Sun,Daniel Smith,2018,44
s1089,Movie,Moana,"John Musker, Ron Clements",2016,108
s1090,Movie,Mom's Got a Date With a Vampire,Stephen Boyum,2000,83
s1091,Movie,Monsters University,Dan Scanlon,2013,104
s1092,Movie,"Monsters, Inc.",Pete Docter,2001,93
s1093,Movie,Motocrossed,Steve Boyum,2001,92
s1094,Movie,Mr. Boogedy,Oz Scott,1986,46
s1095,Movie,Mr. Duck Steps Out,Jack King,1940,9
s1096,Movie,Mr. Mouse Takes a Trip,Clyde Geronimi,1940,8
s1097,Movie,Mulan II,"Darrell Rooney, Lynne Southerland",2005,82
s1098,TV Show,Muppet Moments (Shorts),,2014,
s1099,Movie,Muppet Treasure Island,Brian Henson,1996,101
s1100,Movie,Muppets Most Wanted,James Bobin,2014,111
s1101,Movie,My Favorite Martian,Donald Petrie,1999,94
s1102,TV Show,My Friends Tigger & Pooh,,2006,
s1103,Movie,National Treasure: Book of Secrets,Jon Turteltaub,2007,125
s1104,Movie,Newsies,Kenny Ortega,1992,122
s1105,Movie,Newsies: The Broadway Musical,"Jeff Calhoun, Brett Sullivan",2017,134
s1106,Movie,Noelle,Marc Lawrence,2019,105
s1107,Movie,Now You See It,Duwayne Dunham,2005,89
s1108,Movie,Olaf's Frozen Adventure,"Stevie Wermers-Skelton, Kevin Deters",2017,25
s1109,Movie,Old Yeller,Robert Stevenson,1957,84
s1110,Movie,Oliver & Company,George Scribner,1988,76
s1111,Movie,Once Upon a Mattress,Kathleen Marshall,2005,88
s1112,Movie,One Magic Christmas,Phillip Borsos,1985,89
s1113,Movie,One Man Band,"Mark Andrews, Andrew Jimenez",2006,5
s1114,Movie,Operation Dumbo Drop,Simon Wincer,1995,109
s1115,TV Show,Origins: The Journey of Humankind,,2016,
s1116,TV Show,Out of the Box,,1998,
s1117,Movie,Paris To Pittsburgh,"Sidney Beaumont, Michael Bonfiglio",2018,77
s1118,Movie,Partly Cloudy,Peter Sohn,2009,6
s1119,Movie,Party Central,Kelsey Mann,2014,7
s1120,Movie,Perri,"N. Paul Kenworthy, Ralph Wright",1957,75
s1121,Movie,Pete's Dragon,David Lowery,2016,106
s1122,Movie,Peter Pan,"Hamilton Luske, Clyde Geronimi, Wilfred Jackson",1953,79
s1123,Movie,Peter Pan: Return to Never Land,Robin Budd,2002,77
s1124,Movie,Phantom of the Megaplex,Blair Treu,2000,89
s1125,TV Show,Phil of the Future,,2003,
s1126,TV Show,Phineas and Ferb,,2007,
s1127,Movie,Phineas and Ferb the Movie: Across the 2nd Dimension,"Dan Povenmire, Robert Hughes",2011,79
s1128,Movie,Phineas and Ferb: Mission Marvel,"Robert Hughes, Sue Perrotto",2013,46
s1129,Movie,Piglet's Big Movie,Francis Glebas,2003,78
s1130,Movie,Pinocchio,"Ben Sharpsteen, Hamilton Luske",1940,90
s1131,Movie,Piper,Alan Barillaro,2016,6
s1132,Movie,Pirates of the Caribbean: At World's End,Gore Verbinski,2007,169
s1133,Movie,Pirates of the Caribbean: Dead Man's Chest,Gore Verbinski,2006,152
s1134,Movie,Pirates of the Caribbean: The Curse of the Black Pearl,Gore Verbinski,2003,144
s1135,TV Show,Pixar In Real Life,,2019,
s1136,Movie,Pixel Perfect,Mark Dippé,2004,90
s1137,Movie,Planet of the Birds,,2018,45
s1138,Movie,Pluto and the Gopher,Charles Nichols,1950,7
s1139,Movie,Pluto's Christmas Tree,Jack Hannah,1952,7
s1140,Movie,Pluto's Surprise Package,Charles Nichols,1949,7
s1141,Movie,Pluto's Sweater,Charles Nichols,1949,7
s1142,Movie,Pocahontas,"Mike Gabriel, Eric Goldberg",1995,85
s1143,Movie,Pocahontas II: Journey to a New World,"Bradley Raymond, Tom Ellery",1998,77
s1144,Movie,Pollyanna,David Swift,1960,135
s1145,Movie,Pooh's Grand Adventure: The Search for Christopher Robin,Karl Geurs,1997,78
s1146,Movie,Pooh's Heffalump Movie,Frank Nissen,2005,73
s1147,Movie,Presto,Doug Sweetland,2008,5
s1148,Movie,Princess Protection Program,Allison Liddi-Brown,2009,90
s1149,Movie,Purl,Kristen Lester,2019,12
s1150,TV Show,Quack Pack,,1996,
s1151,Movie,Queen of Katwe,Mira Nair,2016,125
s1152,Movie,Quints,Bill Corcoran,2000,83
s1153,Movie,Ratatouille,Brad Bird,2007,111
s1154,Movie,Read It and Weep,Paul Hoen,2006,85
s1155,Movie,Ready to Run,Duwayne Dunham,2000,89
s1156,Movie,Recess: All Growed Down,"Howy Parkins, Chuck Sheetz",2003,61
s1157,Movie,Recess: School's Out,Chuck Sheetz,2001,87
s1158,Movie,Recess: Taking the 5th Grade,Howy Parkins,2003,63
s1159,Movie,Red's Dream,John Lasseter,1987,4
s1160,Movie,Remember the Titans,Boaz Yakin,2000,114
s1161,Movie,Rescue Dog,Charles Nichols,1947,7
s1162,Movie,Return from Witch Mountain,John Hough,1978,94
s1163,Movie,Return to Halloweentown,David Jackson,2006,89
s1164,Movie,Return to Oz,Walter Murch,1985,110
s1165,Movie,Richie Rich's Christmas Wish,John Murlowski,1998,85
s1166,Movie,Right on Track,Duwayne Dunham,2003,88
s1167,Movie,Riley’s First Date?,Josh Cooley,2015,8
s1168,Movie,Rip Girls,Joyce Chopra,2000,87
s1169,Movie,Robin Hood,Wolfgang Reitherman,1973,85
s1170,TV Show,Rocky Mountain Animal Rescue,,2018,
s1171,Movie,Rogue One: A Star Wars Story,Gareth Edwards,2016,134
s1172,Movie,Roving Mars,George Butler,2006,41
s1173,Movie,Ruby Bridges,Euzhan Palcy,1998,90
s1174,Movie,Sacred Planet,Jon Long,2004,47
s1175,Movie,Saludos Amigos,"Bill Roberts, Jack Kinney, Ham Luske",1943,42
s1176,Movie,"Sammy, The Way-Out Seal",Norman Tokar,1962,43
s1177,Movie,Sanjay's Super Team,Sanjay Patel,2015,7
s1178,Movie,Santa Paws 2: The Santa Pups,Robert Vince,2012,92
s1179,Movie,Santa's Workshop,Wilfred Jackson,1932,7
s1180,Movie,Saving Mr. Banks,John Hancock,2013,129
s1181,Movie,Science Fair,"Cristina Costantini, Darren Foster",2018,91
s1182,Movie,Sea of Hope: America's Underwater Treasures,Robert Nixon,2017,47
s1183,Movie,Secret of The Wings,Peggy Holmes,2012,79
s1184,Movie,Secretariat,Randall Wallace,2010,124
s1185,Movie,Secrets of Christ's Tomb: Explorer Special,Bob Strange,2017,47
s1186,Movie,Secrets of Life,James Algar,1956,70
s1187,Movie,Secrets of the King Cobra,,2012,47
s1188,TV Show,Shake It Up,,2010,
s1189,Movie,Sharks of Lost Island,,2013,45
s1190,Movie,Sharpay's Fabulous Adventure,Michael Lembeck,2011,92
s1191,Movie,Shipwrecked,Nils Gaup,1991,93
s1192,TV Show,Silver Surfer,,1997,
s1193,Movie,Simpsons Movie,David Silverman,2007,88
s1194,Movie,Sister Act,Emile Ardolino,1992,101
s1195,Movie,Sister Act 2: Back in the Habit,Bill Duke,1993,108
s1196,Movie,Skyrunners,Ralph Hemecker,2009,93
s1197,Movie,Sleeping Beauty,Clyde Geronimi,1959,77
s1198,Movie,Smart House,LeVar Burton,1999,82
s1199,Movie,Smash and Grab,Brian Larsen,2019,8
s1200,Movie,Snow White and The Seven Dwarfs,David Hand,1937,84
s1201,Movie,Snowball Express,Norman Tokar,1972,94
s1202,Movie,Snowglobe,Ron Lagomarsino,2007,90
s1203,TV Show,So Weird,,1999,
s1204,Movie,Society Dog Show,Bill Roberts,1939,9
s1205,TV Show,Spider-Man (Shorts),,2016,
s1206,TV Show,Spider-Man and His Amazing Friends,,1982,
s1207,TV Show,Spider-Man Unlimited,,1999,
s1208,TV Show,Spider-Woman,,1979,
s1209,TV Show,Star Wars Forces of Destiny (Shorts),,2016,
s1210,TV Show,Star Wars Rebels,,2014,
s1211,TV Show,Star Wars Rebels (Shorts),,2014,
s1212,Movie,Star Wars: A New Hope (Episode IV),George Lucas,1977,125
s1213,Movie,Star Wars: Attack of the Clones (Episode II),George Lucas,2002,143
s1214,TV Show,Star Wars: Blips,,2019,
s1215,Movie,Star Wars: Return of the Jedi (Episode VI),Richard Marquand,1983,135
s1216,Movie,Star Wars: Revenge of the Sith (Episode III),George Lucas,2005,140
s1217,Movie,Star Wars: The Empire Strikes Back (Episode V),Irvin Kershner,1980,127
s1218,Movie,Star Wars: The Force Awakens (Episode VII),J.J. Abrams,2015,139
s1219,Movie,Star Wars: The Phantom Menace (Episode I),George Lucas,1999,136
s1220,Movie,Starstruck,Michael Grossman,2010,81
s1221,Movie,Steamboat Willie,"Walt Disney, Ub Iwerks",1928,8
s1222,Movie,Stepsister from Planet Weird,Steve Boyum,2000,86
s1223,Movie,Stitch! The Movie,"Tony Craig, Bobs Gannaway",2003,62
s1224,Movie,Stonehenge Decoded: Secrets Revealed,Christopher Spencer,2008,44
s1225,Movie,Stuck in the Suburbs,Savage Holland,2004,79
s1226,Movie,Sultan and the Rock Star,Ed Abroms,1980,47
s1227,Movie,Super Buddies,Robert Vince,2013,83
s1228,Movie,Swiss Family Robinson,Edward Ludwig,1940,94
s1229,TV Show,TaleSpin,,1990,
s1230,Movie,Tall Tale,Jeremiah Chechik,1995,97
s1231,Movie,Tangled,"Nathan Greno, Byron Howard",2010,101
s1232,Movie,Tangled Before Ever After,"Tom Caulfield, Stephen Sandoval",2017,58
s1233,Movie,Tarzan & Jane,Steve Loter,2002,78
s1234,Movie,Teacher's Pet,Timothy Björklund,2004,75
s1235,Movie,Teen Beach 2,Jeffrey Hornaday,2015,106
s1236,Movie,Teen Beach Movie,Jeffrey Hornaday,2013,97
s1237,Movie,Teen Spirit,Gil Junger,2011,82
s1238,Movie,That Darn Cat,Bob Spiers,1997,90
s1239,Movie,That Darn Cat!,Robert Stevenson,1965,116
s1240,Movie,The Absent-Minded Professor,Robert Stevenson,1961,96
s1241,Movie,The Adventures of André & Wally B.,Alvy Smith,1984,2
s1242,Movie,The Adventures of Bullwhip Griffin,James Neilson,1967,111
s1243,Movie,The Adventures of Huck Finn,Stephen Sommers,1993,108
s1244,Movie,The Adventures of Ichabod and Mr. Toad,"Jack Kinney, Clyde Geronimi, James Algar",1949,69
s1245,TV Show,The Adventures of Spin and Marty,,1955,
s1246,Movie,The African Lion,James Algar,1955,72
s1247,Movie,The Apple Dumpling Gang,Norman Tokar,1975,100
s1248,Movie,The Apple Dumpling Gang Rides Again,Vincent McEveety,1979,89
s1249,Movie,The Aristocats,Wolfgang Reitherman,1970,81
s1250,Movie,The Art of Skiing,Jack Kinney,1941,8
s1251,TV Show,The Avengers: Earth's Mightiest Heroes,,2010,
s1252,TV Show,The Avengers: United They Stand,,1999,
s1253,Movie,The Band Concert,"Wilfred Jackson, Walt Disney",1935,10
s1254,Movie,The Bears and I,Bernard McEveety,1974,83
s1255,Movie,The Big Bad Wolf,Burt Gillett,1934,9
s1256,Movie,The Biscuit Eater,Vincent McEveety,1972,93
s1257,Movie,The Black Cauldron,"Ted Berman, Richard Rich",1985,82
s1258,Movie,The Black Hole,Gary Nelson,1979,98
s1259,Movie,The Blue Umbrella,Saschka Unseld,2013,7
s1260,TV Show,The Book of Once Upon a Time,,2014,
s1261,TV Show,The Book of Pooh,,2000,
s1262,Movie,The Brave Little Toaster Goes to Mars,Robert Ramirez,1998,73
s1263,Movie,The Castaway Cowboy,Vincent McEveety,1974,91
s1264,Movie,The Cheetah Girls,Oz Scott,2003,94
s1265,Movie,The Cheetah Girls 2,Kenny Ortega,2006,98
s1266,Movie,The Cheetah Girls: One World,Paul Hoen,2008,85
s1267,Movie,The Christmas Star,Alan Shapiro,1986,94
s1268,Movie,The Chronicles of Narnia: Prince Caspian,Andrew Adamson,2008,154
s1269,Movie,"The Chronicles of Narnia: The Lion, the Witch and the Wardrobe",Andrew Adamson,2005,147
s1270,Movie,The Color of Friendship,Kevin Hooks,2000,83
s1271,Movie,The Computer Wore Tennis Shoes,Robert Butler,1969,90
s1272,Movie,The Country Bears,Peter Hastings,2002,91
s1273,Movie,The Emperor's New Groove,Mark Dindal,2000,82
s1274,Movie,The Even Stevens Movie,Sean McNamara,2003,94
s1275,Movie,The Flood,Brad Bestelink,2018,93
s1276,Movie,The Fox and the Hound,"Art Stevens, Ted Berman, Richard Rich",1981,85
s1277,Movie,The Fox and the Hound 2,Jim Kammerud,2006,73
s1278,Movie,The Game Plan,Andy Fickman,2007,112
s1279,Movie,The Ghosts of Buxley Hall,Bruce Bilson,1980,93
s1280,Movie,The Goddess of Spring,Wilfred Jackson,1934,10
s1281,Movie,The Golden Touch,Walt Disney,1935,11
s1282,Movie,The Good Dinosaur,Peter Sohn,2015,94
s1283,Movie,The Great Muppet Caper,Jim Henson,1981,98
s1284,Movie,The Greatest Game Ever Played,Bill Paxton,2005,122
s1285,Movie,The Haunted Mansion,Rob Minkoff,2003,89
s1286,Movie,The Hockey Champ,Jack King,1939,9
s1287,Movie,The Hunchback of Notre Dame,"Gary Trousdale, Kirk Wise",1996,96
s1288,Movie,The Hunchback of Notre Dame II,Bradley Raymond,2002,69
s1289,TV Show,The Imagineering Story,,2019,
s1290,Movie,The Incredible Journey,Fletcher Markle,1963,80
s1291,Movie,The Incredibles,Brad Bird,2004,116
s1292,Movie,The Journey of Natty Gann,Jeremy Kagan,1985,101
s1293,Movie,The Jungle Book 2,Steve Trenbirth,2003,77
s1294,Movie,The Jungle Book: Mowgli's Story,Nick Marck,1998,77
s1295,Movie,The Legend of Mor'du,Brian Larsen,2012,8
s1296,Movie,The Lion King 1 1/2,Bradley Raymond,2004,80
s1297,Movie,The Lion King 2: Simba's Pride,Darrell Rooney,1998,84
s1298,Movie,The Little Mermaid,"Ron Clements, John Musker",1989,86
s1299,Movie,The Little Mermaid II:  Return to the Sea,Jim Kammerud,2000,77
s1300,Movie,The Little Mermaid:  Ariel's Beginning,Peggy Holmes,2008,79
s1301,Movie,The Little Whirlwind,Riley Thomas,1941,9
s1302,Movie,The Living Desert,James Algar,1953,69
s1303,Movie,The Lizzie McGuire Movie,Jim Fall,2003,95
s1304,Movie,The Lost Tomb of Alexander the Great,Duncan Singh,2019,44
s1305,Movie,The Love Bug (1969),Robert Stevenson,1969,108
s1306,Movie,The Many Adventures of Winnie the Pooh,"Wolfgang Reitherman, John Lounsbery",1977,75
s1307,Movie,The Million Dollar Duck,Vincent McEveety,1971,93
s1308,Movie,The Mistle-Tones,Paul Hoen,2012,87
s1309,Movie,The Muppet Christmas Carol,Brian Henson,1992,87
s1310,Movie,The Muppet Movie,James Frawley,1979,95
s1311,Movie,The Muppets,James Bobin,2011,108
s1312,TV Show,The Muppets (Series),,2015,
s1313,TV Show,The New Adventures of Winnie the Pooh,,1988,
s1314,Movie,The Old Mill,Wilfred Jackson,1937,9
s1315,Movie,The Olympic Champ,Jack Kinney,1942,7
s1316,Movie,The Parent Trap,Nancy Meyers,1998,129
s1317,Movie,The Parent Trap (1961),David Swift,1961,129
s1318,Movie,The Pied Piper,Wilfred Jackson,1933,8
s1319,Movie,The Plausible Impossible (Disneyland: 1954-58),"Wilfred Jackson, William Beaudine",1956,52
s1320,Movie,The Poof Point,Neal Israel,2001,80
s1321,Movie,The Prince and the Pauper,Don Chaffey,1962,94
s1322,Movie,The Princess and the Frog,"John Musker, Ron Clements",2009,99
s1323,Movie,The Princess Diaries,Garry Marshall,2001,116
s1324,Movie,The Princess Diaries 2: Royal Engagement,Garry Marshall,2004,114
s1325,Movie,The Proud Family Movie,Bruce Smith,2005,95
s1326,Movie,The Reluctant Dragon,Alfred Werker,1941,74
s1327,TV Show,The Replacements,,2006,
s1328,Movie,The Rescuers,"Wolfgang Reitherman, John Lounsbery, Art Stevens",1977,78
s1329,Movie,The Rescuers Down Under,"Hendel Butoy, Mike Gabriel",1990,78
s1330,Movie,The Rookie,John Hancock,2002,129
s1331,Movie,The Santa Clause,John Pasquin,1994,98
s1332,Movie,The Santa Clause 2,Michael Lembeck,2002,106
s1333,Movie,The Santa Clause 3: The Escape Clause,Michael Lembeck,2006,94
s1334,Movie,The Scream Team,Stuart Gillard,2002,88
s1335,Movie,The Secret of the Magic Gourd,"朱家欣 , 钟智行",2009,84
s1336,Movie,The Shaggy D.A.,Robert Stevenson,1976,92
s1337,Movie,The Shaggy Dog,Charles Barton,1959,102
s1338,Movie,The Sign of Zorro,"Lewis Foster, Norman Foster",1960,90
s1339,Movie,The Simple Things,Charles Nichols,1953,8
s1340,Movie,The Sound of Music,Robert Wise,1965,175
s1341,Movie,The Story of Robin Hood And His Merrie Men,Ken Annakin,1952,84
s1342,Movie,The Strongest Man in the World,Vincent McEveety,1975,92
s1343,Movie,The Suite Life Movie,Sean McNamara,2011,81
s1344,TV Show,The Suite Life of Zack & Cody,,2004,
s1345,TV Show,The Suite Life On Deck,,2008,
s1346,Movie,The Swap,Jay Karas,2016,91
s1347,Movie,The Thirteenth Year,Duwayne Dunham,1999,89
s1348,Movie,The Three Caballeros,"Norman Ferguson, Clyde Geronimi, Jack Kinney",1945,72
s1349,Movie,The Three Musketeers,Stephen Herek,1993,106
s1350,Movie,The Tigger Movie,Jun Falkenstein,2000,81
s1351,Movie,The Tortoise and the Hare,Wilfred Jackson,1935,9
s1352,Movie,The Ugly Dachshund,Norman Tokar,1966,93
s1353,Movie,The Ugly Duckling,Jack Cutting,1939,9
s1354,Movie,The Ultimate Christmas Present,Greg Beeman,2000,81
s1355,Movie,The Vanishing Prairie,James Algar,1954,71
s1356,Movie,The Wild,Steve Williams,2006,86
s1357,Movie,The Wise Little Hen,Wilfred Jackson,1934,8
s1358,Movie,The Wizards Return: Alex vs. Alex,Victor Gonzalez,2013,59
s1359,TV Show,The World According to Jeff Goldblum,,2019,
s1360,Movie,The Young Black Stallion,Simon Wincer,2003,51
s1361,Movie,Three Blind Mouseketeers,Dave Hand,1936,9
s1362,Movie,Three Days,Michael Switzer,2001,93
s1363,Movie,Three Little Pigs,Burt Gillett,1933,9
s1364,Movie,Three Little Wolves,Dave Hand,1936,9
s1365,Movie,Three Men and a Baby,Leonard Nimoy,1987,103
s1366,Movie,Three Men and a Little Lady,Emile Ardolino,1990,104
s1367,Movie,Thru the Mirror,Dave Hand,1936,10
s1368,Movie,Tiger Cruise,Duwayne Dunham,2004,88
s1369,Movie,Tim Burton’s The Nightmare Before Christmas,Henry Selick,1993,78
s1370,TV Show,Timon & Pumbaa,,1995,
s1371,Movie,Tin Toy,John Lasseter,1988,5
s1372,Movie,Tinker Bell,Bradley Raymond,2008,81
s1373,Movie,Tinker Bell and the Great Fairy Rescue,Bradley Raymond,2010,80
s1374,Movie,Tinker Bell and the Lost Treasure,Klay Hall,2009,84
s1375,Movie,Titanic: 20 Years Later With James Cameron,Thomas Grane,2017,47
s1376,Movie,Toby Tortoise Returns,Wilfred Jackson,1936,8
s1377,Movie,Tom and Huck,Peter Hewitt,1995,92
s1378,Movie,Toy Story,John Lasseter,1995,83
s1379,Movie,Toy Story 2,John Lasseter,1999,93
s1380,Movie,Toy Story 3,Lee Unkrich,2010,103
s1381,Movie,Toy Story Toons: Hawaiian Vacation,Gary Rydstrom,2011,6
s1382,Movie,Toy Story Toons: Partysaurus Rex,Mark Walsh,2012,9
s1383,Movie,Toy Story Toons: Small Fry,Angus MacLane,2011,10
s1384,Movie,Trail of the Panda,Zhong Yu,2009,89
s1385,Movie,Trailer Horn,Jack Hannah,1950,7
s1386,Movie,Treasure Island,Byron Haskin,1950,96
s1387,Movie,Treasure of Matecumbe,Vincent McEveety,1976,116
s1388,Movie,Treasure Planet,"John Musker, Ron Clements",2002,98
s1389,Movie,Tree Climbing Lions,,2018,45
s1390,Movie,Tron,Steven Lisberger,1982,96
s1391,Movie,Tru Confessions,Paul Hoen,2002,83
s1392,Movie,Tuck Everlasting,Jay Russell,2002,91
s1393,Movie,Tugboat Mickey,Clyde Geronimi,1940,8
s1394,Movie,Twas the Night,Nick Castle,2001,87
s1395,Movie,Twitches,Stuart Gillard,2005,87
s1396,Movie,Twitches Too,Stuart Gillard,2007,84
s1397,Movie,Unidentified Flying Oddball,Russ Mayberry,1979,93
s1398,Movie,Up,Pete Docter,2009,96
s1399,Movie,"Up, Up and Away",Robert Townsend,2000,78
s1400,Movie,Valiant,Gary Chapman,2005,76
s1401,Movie,Waking Sleeping Beauty,Don Hahn,2010,87
s1402,Movie,WALL-E,Andrew Stanton,2008,99
s1403,Movie,Wendy Wu: Homecoming Warrior,John Laing,2006,91
s1404,Movie,Whispers: An Elephant's Tale,Dereck Joubert,2000,73
s1405,Movie,White Fang,Randal Kleiser,1991,109
s1406,Movie,Who Framed Roger Rabbit,Robert Zemeckis,1988,104
s1407,TV Show,Wild Yellowstone,,2015,
s1408,Movie,Winged Seduction: Birds of Paradise,Molly Hermann,2012,45
s1409,Movie,Winnie the Pooh,"Stephen Anderson, Don Hall",2011,68
s1410,Movie,Winnie the Pooh: A Very Merry Pooh Year,"Ed Wexler, Gary Katona, Jamie Mitchell",2002,67
s1411,Movie,Winnie the Pooh: Springtime with Roo,"Elliot Bour, Saul Blinkoff",2004,70
s1412,Movie,Winter Storage,Jack Hannah,1949,7
s1413,TV Show,Wizards of Waverly Place,,2007,
s1414,Movie,Wizards of Waverly Place: The Movie,Lev L. Spiro,2009,94
s1415,TV Show,Wolverine and The X-Men,,2008,
s1416,Movie,World's Greatest Dogs,,2015,44
s1417,Movie,Wreck-It Ralph,Rich Moore,2012,103
s1418,TV Show,X-Men: Evolution,,2000,
s1419,Movie,Ye Olden Days,Bert Gillett,1933,9
s1420,Movie,Yellowstone Cubs,Charles Draper,1963,48
s1421,Movie,You Lucky Dog,Paul Schneider,1998,88
s1422,Movie,You Wish!,Paul Hoen,2003,88
s1423,Movie,Your Friend the Rat,Jim Capobianco,2007,13
s1424,Movie,Z-O-M-B-I-E-S,Paul Hoen,2018,97
s1425,Movie,Zapped,Peter DeLuise,2014,95
s1426,Movie,Zenon: Girl of the 21st Century,Kenneth Johnson,1999,97
s1427,Movie,Zenon: The Zequel,Manny Coto,2001,89
s1428,Movie,Zenon: Z3,Steve Rash,2004,81
s1429,Movie,Zootopia,"Byron Howard, Rich Moore",2016,109
s1430,Movie,Bedknobs and Broomsticks,Robert Stevenson,1971,118
s1431,Movie,Blackbeard's Ghost,Robert Stevenson,1968,107
s1432,Movie,Brave Little Tailor,Bill Roberts,1938,9
s1433,Movie,Justin Morgan had a Horse,Hollingsworth Morse,1972,88
s1434,Movie,Lady and the Tramp II: Scamp's Adventure,Darrell Rooney,2001,73
s1435,TV Show,Smart Guy,,1996,
s1436,Movie,The Cat from Outer Space,Norman Tokar,1978,104
s1437,Movie,The Great Mouse Detective,"John Musker, Ron Clements, Dave Michener",1986,75
s1438,Movie,The Sword in the Stone,Wolfgang Reitherman,1963,80
s1439,Movie,Those Calloways,Norman Tokar,1965,132
s1440,TV Show,Disney Kirby Buckets,,2014,
s1441,TV Show,Disney Mech-X4,,2016,
s1442,TV Show,Imagination Movers,,2008,
s1443,Movie,Tomorrowland,Brad Bird,2015,131
s1444,Movie,Aquamarine,Elizabeth Allen Rosenbaum,2006,104
s1445,Movie,Ice Age: Dawn Of The Dinosaurs,Carlos Saldanha,2009,97
s1446,Movie,X-Men Origins: Wolverine,Gavin Hood,2009,108
s1447,Movie,Night at the Museum: Battle of the Smithsonian,Shawn Levy,2009,106
s1448,Movie,Eddie the Eagle,Dexter Fletcher,2016,107
s1449,Movie,Bend It Like Beckham,Gurinder Chadha,2003,112
s1450,Movie,Captain Sparky vs. The Flying Saucers,Mark Waring,2012,2
